rule,file_name,line,rule_overview
S2245,SecurityShepherd:src/main/java/servlets/module/challenge/CsrfChallengeTargetFive.java,82,"['cwe:1241', 'cwe:326', 'cwe:330', 'cwe:338', 'owaspAsvs-4.0:6.2.4', 'owaspTop10-2021:a2', 'owaspTop10:a3']"
S2245,SecurityShepherd:src/main/java/servlets/module/challenge/CsrfChallengeTargetSix.java,88,"['cwe:1241', 'cwe:326', 'cwe:330', 'cwe:338', 'owaspAsvs-4.0:6.2.4', 'owaspTop10-2021:a2', 'owaspTop10:a3']"
S2755,SecurityShepherd:src/main/java/utils/XmlDocumentBuilder.java,39,"['cwe:611', 'cwe:827', 'owaspAsvs-4.0:5.5.2', 'owaspTop10-2021:a5', 'owaspTop10:a4', 'pciDss-3.2:6.5.1', 'pciDss-4.0:6.2.4', 'stig-ASD_V5R3:V-222608']"
S3330,SecurityShepherd:SecurityShepherd:src/main/java/servlets/ACS.java,260,"['cwe:1004', 'owaspAsvs-4.0:3.4.2', 'owaspTop10-2021:a5', 'owaspTop10:a7', 'pciDss-3.2:6.5.10', 'pciDss-4.0:6.2.4', 'stig-ASD_V5R3:V-222575']"
S3330,SecurityShepherd:src/main/java/servlets/Login.java,99,"['cwe:1004', 'owaspAsvs-4.0:3.4.2', 'owaspTop10-2021:a5', 'owaspTop10:a7', 'pciDss-3.2:6.5.10', 'pciDss-4.0:6.2.4', 'stig-ASD_V5R3:V-222575']"
S3330,SecurityShepherd:src/main/java/servlets/MobileLogin.java,93,"['cwe:1004', 'owaspAsvs-4.0:3.4.2', 'owaspTop10-2021:a5', 'owaspTop10:a7', 'pciDss-3.2:6.5.10', 'pciDss-4.0:6.2.4', 'stig-ASD_V5R3:V-222575']"
S3649,SecurityShepherd:src/main/java/servlets/module/ModuleServletTemplate.java,157,"['cwe:20', 'cwe:89', 'owaspAsvs-4.0:5.1.3', 'owaspAsvs-4.0:5.1.4', 'owaspAsvs-4.0:5.3.4', 'owaspAsvs-4.0:5.3.5', 'owaspTop10-2021:a3', 'owaspTop10:a1', 'pciDss-3.2:6.5.1', 'pciDss-4.0:6.2.4', 'stig-ASD_V5R3:V-222607', 'stig-ASD_V5R3:V-222609']"
S3649,SecurityShepherd:src/main/java/servlets/module/challenge/SessionManagement6SecretQuestion.java,232,"['cwe:20', 'cwe:89', 'owaspAsvs-4.0:5.1.3', 'owaspAsvs-4.0:5.1.4', 'owaspAsvs-4.0:5.3.4', 'owaspAsvs-4.0:5.3.5', 'owaspTop10-2021:a3', 'owaspTop10:a1', 'pciDss-3.2:6.5.1', 'pciDss-4.0:6.2.4', 'stig-ASD_V5R3:V-222607', 'stig-ASD_V5R3:V-222609']"
S3649,SecurityShepherd:src/main/java/servlets/module/challenge/SqlInjection1.java,91,"['cwe:20', 'cwe:89', 'owaspAsvs-4.0:5.1.3', 'owaspAsvs-4.0:5.1.4', 'owaspAsvs-4.0:5.3.4', 'owaspAsvs-4.0:5.3.5', 'owaspTop10-2021:a3', 'owaspTop10:a1', 'pciDss-3.2:6.5.1', 'pciDss-4.0:6.2.4', 'stig-ASD_V5R3:V-222607', 'stig-ASD_V5R3:V-222609']"
S3649,SecurityShepherd:src/main/java/servlets/module/challenge/SqlInjection3.java,94,"['cwe:20', 'cwe:89', 'owaspAsvs-4.0:5.1.3', 'owaspAsvs-4.0:5.1.4', 'owaspAsvs-4.0:5.3.4', 'owaspAsvs-4.0:5.3.5', 'owaspTop10-2021:a3', 'owaspTop10:a1', 'pciDss-3.2:6.5.1', 'pciDss-4.0:6.2.4', 'stig-ASD_V5R3:V-222607', 'stig-ASD_V5R3:V-222609']"
S3649,SecurityShepherd:src/main/java/servlets/module/challenge/SqlInjection4.java,97,"['cwe:20', 'cwe:89', 'owaspAsvs-4.0:5.1.3', 'owaspAsvs-4.0:5.1.4', 'owaspAsvs-4.0:5.3.4', 'owaspAsvs-4.0:5.3.5', 'owaspTop10-2021:a3', 'owaspTop10:a1', 'pciDss-3.2:6.5.1', 'pciDss-4.0:6.2.4', 'stig-ASD_V5R3:V-222607', 'stig-ASD_V5R3:V-222609']"
S3649,SecurityShepherd:src/main/java/servlets/module/challenge/SqlInjection5CouponCheck.java,85,"['cwe:20', 'cwe:89', 'owaspAsvs-4.0:5.1.3', 'owaspAsvs-4.0:5.1.4', 'owaspAsvs-4.0:5.3.4', 'owaspAsvs-4.0:5.3.5', 'owaspTop10-2021:a3', 'owaspTop10:a1', 'pciDss-3.2:6.5.1', 'pciDss-4.0:6.2.4', 'stig-ASD_V5R3:V-222607', 'stig-ASD_V5R3:V-222609']"
S3649,SecurityShepherd:src/main/java/servlets/module/challenge/SqlInjection5VipCheck.java,85,"['cwe:20', 'cwe:89', 'owaspAsvs-4.0:5.1.3', 'owaspAsvs-4.0:5.1.4', 'owaspAsvs-4.0:5.3.4', 'owaspAsvs-4.0:5.3.5', 'owaspTop10-2021:a3', 'owaspTop10:a1', 'pciDss-3.2:6.5.1', 'pciDss-4.0:6.2.4', 'stig-ASD_V5R3:V-222607', 'stig-ASD_V5R3:V-222609']"
S3649,SecurityShepherd:src/main/java/servlets/module/challenge/SqlInjection6.java,91,"['cwe:20', 'cwe:89', 'owaspAsvs-4.0:5.1.3', 'owaspAsvs-4.0:5.1.4', 'owaspAsvs-4.0:5.3.4', 'owaspAsvs-4.0:5.3.5', 'owaspTop10-2021:a3', 'owaspTop10:a1', 'pciDss-3.2:6.5.1', 'pciDss-4.0:6.2.4', 'stig-ASD_V5R3:V-222607', 'stig-ASD_V5R3:V-222609']"
S3649,SecurityShepherd:src/main/java/servlets/module/challenge/SqlInjection7.java,88,"['cwe:20', 'cwe:89', 'owaspAsvs-4.0:5.1.3', 'owaspAsvs-4.0:5.1.4', 'owaspAsvs-4.0:5.3.4', 'owaspAsvs-4.0:5.3.5', 'owaspTop10-2021:a3', 'owaspTop10:a1', 'pciDss-3.2:6.5.1', 'pciDss-4.0:6.2.4', 'stig-ASD_V5R3:V-222607', 'stig-ASD_V5R3:V-222609']"
S3649,SecurityShepherd:src/main/java/servlets/module/challenge/SqlInjectionEmail.java,91,"['cwe:20', 'cwe:89', 'owaspAsvs-4.0:5.1.3', 'owaspAsvs-4.0:5.1.4', 'owaspAsvs-4.0:5.3.4', 'owaspAsvs-4.0:5.3.5', 'owaspTop10-2021:a3', 'owaspTop10:a1', 'pciDss-3.2:6.5.1', 'pciDss-4.0:6.2.4', 'stig-ASD_V5R3:V-222607', 'stig-ASD_V5R3:V-222609']"
S3649,SecurityShepherd:src/main/java/servlets/module/challenge/SqlInjectionEscaping.java,88,"['cwe:20', 'cwe:89', 'owaspAsvs-4.0:5.1.3', 'owaspAsvs-4.0:5.1.4', 'owaspAsvs-4.0:5.3.4', 'owaspAsvs-4.0:5.3.5', 'owaspTop10-2021:a3', 'owaspTop10:a1', 'pciDss-3.2:6.5.1', 'pciDss-4.0:6.2.4', 'stig-ASD_V5R3:V-222607', 'stig-ASD_V5R3:V-222609']"
S3649,SecurityShepherd:src/main/java/servlets/module/challenge/SqlInjectionStoredProcedure.java,82,"['cwe:20', 'cwe:89', 'owaspAsvs-4.0:5.1.3', 'owaspAsvs-4.0:5.1.4', 'owaspAsvs-4.0:5.3.4', 'owaspAsvs-4.0:5.3.5', 'owaspTop10-2021:a3', 'owaspTop10:a1', 'pciDss-3.2:6.5.1', 'pciDss-4.0:6.2.4', 'stig-ASD_V5R3:V-222607', 'stig-ASD_V5R3:V-222609']"
S3649,SecurityShepherd:src/main/java/servlets/module/challenge/UrlAccess3UserList.java,100,"['cwe:20', 'cwe:89', 'owaspAsvs-4.0:5.1.3', 'owaspAsvs-4.0:5.1.4', 'owaspAsvs-4.0:5.3.4', 'owaspAsvs-4.0:5.3.5', 'owaspTop10-2021:a3', 'owaspTop10:a1', 'pciDss-3.2:6.5.1', 'pciDss-4.0:6.2.4', 'stig-ASD_V5R3:V-222607', 'stig-ASD_V5R3:V-222609']"
S3649,SecurityShepherd:src/main/java/servlets/module/lesson/SqlInjectionLesson.java,136,"['cwe:20', 'cwe:89', 'owaspAsvs-4.0:5.1.3', 'owaspAsvs-4.0:5.1.4', 'owaspAsvs-4.0:5.3.4', 'owaspAsvs-4.0:5.3.5', 'owaspTop10-2021:a3', 'owaspTop10:a1', 'pciDss-3.2:6.5.1', 'pciDss-4.0:6.2.4', 'stig-ASD_V5R3:V-222607', 'stig-ASD_V5R3:V-222609']"
S5131,SecurityShepherd:src/main/java/servlets/module/challenge/XssChallengeFive.java,113,"['cwe:79', 'owaspAsvs-4.0:5.3.3', 'owaspTop10-2021:a3', 'owaspTop10:a7', 'pciDss-3.2:6.5.7', 'pciDss-4.0:6.2.4', 'stig-ASD_V5R3:V-222602', 'stig-ASD_V5R3:V-222609']"
S5131,SecurityShepherd:src/main/java/servlets/module/challenge/XssChallengeFour.java,123,"['cwe:79', 'owaspAsvs-4.0:5.3.3', 'owaspTop10-2021:a3', 'owaspTop10:a7', 'pciDss-3.2:6.5.7', 'pciDss-4.0:6.2.4', 'stig-ASD_V5R3:V-222602', 'stig-ASD_V5R3:V-222609']"
S5131,SecurityShepherd:src/main/java/servlets/module/challenge/XssChallengeOne.java,110,"['cwe:79', 'owaspAsvs-4.0:5.3.3', 'owaspTop10-2021:a3', 'owaspTop10:a7', 'pciDss-3.2:6.5.7', 'pciDss-4.0:6.2.4', 'stig-ASD_V5R3:V-222602', 'stig-ASD_V5R3:V-222609']"
S5131,SecurityShepherd:src/main/java/servlets/module/challenge/XssChallengeSix.java,113,"['cwe:79', 'owaspAsvs-4.0:5.3.3', 'owaspTop10-2021:a3', 'owaspTop10:a7', 'pciDss-3.2:6.5.7', 'pciDss-4.0:6.2.4', 'stig-ASD_V5R3:V-222602', 'stig-ASD_V5R3:V-222609']"
S5131,SecurityShepherd:src/main/java/servlets/module/challenge/XssChallengeThree.java,110,"['cwe:79', 'owaspAsvs-4.0:5.3.3', 'owaspTop10-2021:a3', 'owaspTop10:a7', 'pciDss-3.2:6.5.7', 'pciDss-4.0:6.2.4', 'stig-ASD_V5R3:V-222602', 'stig-ASD_V5R3:V-222609']"
S5131,SecurityShepherd:src/main/java/servlets/module/challenge/XssChallengeTwo.java,112,"['cwe:79', 'owaspAsvs-4.0:5.3.3', 'owaspTop10-2021:a3', 'owaspTop10:a7', 'pciDss-3.2:6.5.7', 'pciDss-4.0:6.2.4', 'stig-ASD_V5R3:V-222602', 'stig-ASD_V5R3:V-222609']"
S5131,SecurityShepherd:src/main/java/servlets/module/lesson/XssLesson.java,107,"['cwe:79', 'owaspAsvs-4.0:5.3.3', 'owaspTop10-2021:a3', 'owaspTop10:a7', 'pciDss-3.2:6.5.7', 'pciDss-4.0:6.2.4', 'stig-ASD_V5R3:V-222602', 'stig-ASD_V5R3:V-222609']"
S5145,SecurityShepherd:src/main/java/dbProcs/Getter.java,76,"['cwe:117', 'cwe:20', 'owaspAsvs-4.0:5.1.3', 'owaspAsvs-4.0:5.1.4', 'owaspAsvs-4.0:7.3.1', 'owaspAsvs-4.0:7.3.2', 'owaspTop10-2021:a3', 'owaspTop10-2021:a9', 'owaspTop10:a1', 'owaspTop10:a10', 'stig-ASD_V5R3:V-222609']"
S5145,SecurityShepherd:src/main/java/dbProcs/Getter.java,1891,"['cwe:117', 'cwe:20', 'owaspAsvs-4.0:5.1.3', 'owaspAsvs-4.0:5.1.4', 'owaspAsvs-4.0:7.3.1', 'owaspAsvs-4.0:7.3.2', 'owaspTop10-2021:a3', 'owaspTop10-2021:a9', 'owaspTop10:a1', 'owaspTop10:a10', 'stig-ASD_V5R3:V-222609']"
S5145,SecurityShepherd:src/main/java/dbProcs/Setter.java,462,"['cwe:117', 'cwe:20', 'owaspAsvs-4.0:5.1.3', 'owaspAsvs-4.0:5.1.4', 'owaspAsvs-4.0:7.3.1', 'owaspAsvs-4.0:7.3.2', 'owaspTop10-2021:a3', 'owaspTop10-2021:a9', 'owaspTop10:a1', 'owaspTop10:a10', 'stig-ASD_V5R3:V-222609']"
S5145,SecurityShepherd:src/main/java/dbProcs/Setter.java,587,"['cwe:117', 'cwe:20', 'owaspAsvs-4.0:5.1.3', 'owaspAsvs-4.0:5.1.4', 'owaspAsvs-4.0:7.3.1', 'owaspAsvs-4.0:7.3.2', 'owaspTop10-2021:a3', 'owaspTop10-2021:a9', 'owaspTop10:a1', 'owaspTop10:a10', 'stig-ASD_V5R3:V-222609']"
S5145,SecurityShepherd:src/main/java/dbProcs/Setter.java,617,"['cwe:117', 'cwe:20', 'owaspAsvs-4.0:5.1.3', 'owaspAsvs-4.0:5.1.4', 'owaspAsvs-4.0:7.3.1', 'owaspAsvs-4.0:7.3.2', 'owaspTop10-2021:a3', 'owaspTop10-2021:a9', 'owaspTop10:a1', 'owaspTop10:a10', 'stig-ASD_V5R3:V-222609']"
S5145,SecurityShepherd:src/main/java/dbProcs/Setter.java,1023,"['cwe:117', 'cwe:20', 'owaspAsvs-4.0:5.1.3', 'owaspAsvs-4.0:5.1.4', 'owaspAsvs-4.0:7.3.1', 'owaspAsvs-4.0:7.3.2', 'owaspTop10-2021:a3', 'owaspTop10-2021:a9', 'owaspTop10:a1', 'owaspTop10:a10', 'stig-ASD_V5R3:V-222609']"
S5145,SecurityShepherd:src/main/java/dbProcs/Setter.java,1024,"['cwe:117', 'cwe:20', 'owaspAsvs-4.0:5.1.3', 'owaspAsvs-4.0:5.1.4', 'owaspAsvs-4.0:7.3.1', 'owaspAsvs-4.0:7.3.2', 'owaspTop10-2021:a3', 'owaspTop10-2021:a9', 'owaspTop10:a1', 'owaspTop10:a10', 'stig-ASD_V5R3:V-222609']"
S5145,SecurityShepherd:src/main/java/dbProcs/Setter.java,1027,"['cwe:117', 'cwe:20', 'owaspAsvs-4.0:5.1.3', 'owaspAsvs-4.0:5.1.4', 'owaspAsvs-4.0:7.3.1', 'owaspAsvs-4.0:7.3.2', 'owaspTop10-2021:a3', 'owaspTop10-2021:a9', 'owaspTop10:a1', 'owaspTop10:a10', 'stig-ASD_V5R3:V-222609']"
S5145,SecurityShepherd:src/main/java/dbProcs/Setter.java,1177,"['cwe:117', 'cwe:20', 'owaspAsvs-4.0:5.1.3', 'owaspAsvs-4.0:5.1.4', 'owaspAsvs-4.0:7.3.1', 'owaspAsvs-4.0:7.3.2', 'owaspTop10-2021:a3', 'owaspTop10-2021:a9', 'owaspTop10:a1', 'owaspTop10:a10', 'stig-ASD_V5R3:V-222609']"
S5145,SecurityShepherd:src/main/java/dbProcs/Setter.java,1547,"['cwe:117', 'cwe:20', 'owaspAsvs-4.0:5.1.3', 'owaspAsvs-4.0:5.1.4', 'owaspAsvs-4.0:7.3.1', 'owaspAsvs-4.0:7.3.2', 'owaspTop10-2021:a3', 'owaspTop10-2021:a9', 'owaspTop10:a1', 'owaspTop10:a10', 'stig-ASD_V5R3:V-222609']"
S5145,SecurityShepherd:src/main/java/servlets/MobileLogin.java,66,"['cwe:117', 'cwe:20', 'owaspAsvs-4.0:5.1.3', 'owaspAsvs-4.0:5.1.4', 'owaspAsvs-4.0:7.3.1', 'owaspAsvs-4.0:7.3.2', 'owaspTop10-2021:a3', 'owaspTop10-2021:a9', 'owaspTop10:a1', 'owaspTop10:a10', 'stig-ASD_V5R3:V-222609']"
S5145,SecurityShepherd:src/main/java/servlets/Register.java,86,"['cwe:117', 'cwe:20', 'owaspAsvs-4.0:5.1.3', 'owaspAsvs-4.0:5.1.4', 'owaspAsvs-4.0:7.3.1', 'owaspAsvs-4.0:7.3.2', 'owaspTop10-2021:a3', 'owaspTop10-2021:a9', 'owaspTop10:a1', 'owaspTop10:a10', 'stig-ASD_V5R3:V-222609']"
S5145,SecurityShepherd:src/main/java/servlets/Register.java,92,"['cwe:117', 'cwe:20', 'owaspAsvs-4.0:5.1.3', 'owaspAsvs-4.0:5.1.4', 'owaspAsvs-4.0:7.3.1', 'owaspAsvs-4.0:7.3.2', 'owaspTop10-2021:a3', 'owaspTop10-2021:a9', 'owaspTop10:a1', 'owaspTop10:a10', 'stig-ASD_V5R3:V-222609']"
S5145,SecurityShepherd:src/main/java/servlets/Register.java,94,"['cwe:117', 'cwe:20', 'owaspAsvs-4.0:5.1.3', 'owaspAsvs-4.0:5.1.4', 'owaspAsvs-4.0:7.3.1', 'owaspAsvs-4.0:7.3.2', 'owaspTop10-2021:a3', 'owaspTop10-2021:a9', 'owaspTop10:a1', 'owaspTop10:a10', 'stig-ASD_V5R3:V-222609']"
S5145,SecurityShepherd:src/main/java/servlets/Register.java,156,"['cwe:117', 'cwe:20', 'owaspAsvs-4.0:5.1.3', 'owaspAsvs-4.0:5.1.4', 'owaspAsvs-4.0:7.3.1', 'owaspAsvs-4.0:7.3.2', 'owaspTop10-2021:a3', 'owaspTop10-2021:a9', 'owaspTop10:a1', 'owaspTop10:a10', 'stig-ASD_V5R3:V-222609']"
S5145,SecurityShepherd:src/main/java/servlets/admin/config/ChangeCoreDatabase.java,72,"['cwe:117', 'cwe:20', 'owaspAsvs-4.0:5.1.3', 'owaspAsvs-4.0:5.1.4', 'owaspAsvs-4.0:7.3.1', 'owaspAsvs-4.0:7.3.2', 'owaspTop10-2021:a3', 'owaspTop10-2021:a9', 'owaspTop10:a1', 'owaspTop10:a10', 'stig-ASD_V5R3:V-222609']"
S5145,SecurityShepherd:src/main/java/servlets/admin/config/ChangeCoreDatabase.java,75,"['cwe:117', 'cwe:20', 'owaspAsvs-4.0:5.1.3', 'owaspAsvs-4.0:5.1.4', 'owaspAsvs-4.0:7.3.1', 'owaspAsvs-4.0:7.3.2', 'owaspTop10-2021:a3', 'owaspTop10-2021:a9', 'owaspTop10:a1', 'owaspTop10:a10', 'stig-ASD_V5R3:V-222609']"
S5145,SecurityShepherd:src/main/java/servlets/admin/config/EnableScoreboard.java,71,"['cwe:117', 'cwe:20', 'owaspAsvs-4.0:5.1.3', 'owaspAsvs-4.0:5.1.4', 'owaspAsvs-4.0:7.3.1', 'owaspAsvs-4.0:7.3.2', 'owaspTop10-2021:a3', 'owaspTop10-2021:a9', 'owaspTop10:a1', 'owaspTop10:a10', 'stig-ASD_V5R3:V-222609']"
S5145,SecurityShepherd:src/main/java/servlets/admin/moduleManagement/EnableModuleBlock.java,72,"['cwe:117', 'cwe:20', 'owaspAsvs-4.0:5.1.3', 'owaspAsvs-4.0:5.1.4', 'owaspAsvs-4.0:7.3.1', 'owaspAsvs-4.0:7.3.2', 'owaspTop10-2021:a3', 'owaspTop10-2021:a9', 'owaspTop10:a1', 'owaspTop10:a10', 'stig-ASD_V5R3:V-222609']"
S5145,SecurityShepherd:src/main/java/servlets/admin/moduleManagement/EnableModuleBlock.java,83,"['cwe:117', 'cwe:20', 'owaspAsvs-4.0:5.1.3', 'owaspAsvs-4.0:5.1.4', 'owaspAsvs-4.0:7.3.1', 'owaspAsvs-4.0:7.3.2', 'owaspTop10-2021:a3', 'owaspTop10-2021:a9', 'owaspTop10:a1', 'owaspTop10:a10', 'stig-ASD_V5R3:V-222609']"
S5145,SecurityShepherd:src/main/java/servlets/admin/moduleManagement/GetFeedback.java,65,"['cwe:117', 'cwe:20', 'owaspAsvs-4.0:5.1.3', 'owaspAsvs-4.0:5.1.4', 'owaspAsvs-4.0:7.3.1', 'owaspAsvs-4.0:7.3.2', 'owaspTop10-2021:a3', 'owaspTop10-2021:a9', 'owaspTop10:a1', 'owaspTop10:a10', 'stig-ASD_V5R3:V-222609']"
S5145,SecurityShepherd:src/main/java/servlets/admin/moduleManagement/GetJsonProgress.java,68,"['cwe:117', 'cwe:20', 'owaspAsvs-4.0:5.1.3', 'owaspAsvs-4.0:5.1.4', 'owaspAsvs-4.0:7.3.1', 'owaspAsvs-4.0:7.3.2', 'owaspTop10-2021:a3', 'owaspTop10-2021:a9', 'owaspTop10:a1', 'owaspTop10:a10', 'stig-ASD_V5R3:V-222609']"
S5145,SecurityShepherd:src/main/java/servlets/admin/moduleManagement/GetProgress.java,65,"['cwe:117', 'cwe:20', 'owaspAsvs-4.0:5.1.3', 'owaspAsvs-4.0:5.1.4', 'owaspAsvs-4.0:7.3.1', 'owaspAsvs-4.0:7.3.2', 'owaspTop10-2021:a3', 'owaspTop10-2021:a9', 'owaspTop10:a1', 'owaspTop10:a10', 'stig-ASD_V5R3:V-222609']"
S5145,SecurityShepherd:src/main/java/servlets/admin/moduleManagement/OpenAllModules.java,49,"['cwe:117', 'cwe:20', 'owaspAsvs-4.0:5.1.3', 'owaspAsvs-4.0:5.1.4', 'owaspAsvs-4.0:7.3.1', 'owaspAsvs-4.0:7.3.2', 'owaspTop10-2021:a3', 'owaspTop10-2021:a9', 'owaspTop10:a1', 'owaspTop10:a10', 'stig-ASD_V5R3:V-222609']"
S5145,SecurityShepherd:src/main/java/servlets/admin/moduleManagement/OpenOrCloseByCategory.java,60,"['cwe:117', 'cwe:20', 'owaspAsvs-4.0:5.1.3', 'owaspAsvs-4.0:5.1.4', 'owaspAsvs-4.0:7.3.1', 'owaspAsvs-4.0:7.3.2', 'owaspTop10-2021:a3', 'owaspTop10-2021:a9', 'owaspTop10:a1', 'owaspTop10:a10', 'stig-ASD_V5R3:V-222609']"
S5145,SecurityShepherd:src/main/java/servlets/admin/moduleManagement/OpenWebModules.java,53,"['cwe:117', 'cwe:20', 'owaspAsvs-4.0:5.1.3', 'owaspAsvs-4.0:5.1.4', 'owaspAsvs-4.0:7.3.1', 'owaspAsvs-4.0:7.3.2', 'owaspTop10-2021:a3', 'owaspTop10-2021:a9', 'owaspTop10:a1', 'owaspTop10:a10', 'stig-ASD_V5R3:V-222609']"
S5145,SecurityShepherd:src/main/java/servlets/admin/moduleManagement/SetModuleStatus.java,50,"['cwe:117', 'cwe:20', 'owaspAsvs-4.0:5.1.3', 'owaspAsvs-4.0:5.1.4', 'owaspAsvs-4.0:7.3.1', 'owaspAsvs-4.0:7.3.2', 'owaspTop10-2021:a3', 'owaspTop10-2021:a9', 'owaspTop10:a1', 'owaspTop10:a10', 'stig-ASD_V5R3:V-222609']"
S5145,SecurityShepherd:src/main/java/servlets/admin/moduleManagement/SetModuleStatus.java,62,"['cwe:117', 'cwe:20', 'owaspAsvs-4.0:5.1.3', 'owaspAsvs-4.0:5.1.4', 'owaspAsvs-4.0:7.3.1', 'owaspAsvs-4.0:7.3.2', 'owaspTop10-2021:a3', 'owaspTop10-2021:a9', 'owaspTop10:a1', 'owaspTop10:a10', 'stig-ASD_V5R3:V-222609']"
S5145,SecurityShepherd:src/main/java/servlets/admin/userManagement/AddPlayer.java,85,"['cwe:117', 'cwe:20', 'owaspAsvs-4.0:5.1.3', 'owaspAsvs-4.0:5.1.4', 'owaspAsvs-4.0:7.3.1', 'owaspAsvs-4.0:7.3.2', 'owaspTop10-2021:a3', 'owaspTop10-2021:a9', 'owaspTop10:a1', 'owaspTop10:a10', 'stig-ASD_V5R3:V-222609']"
S5145,SecurityShepherd:src/main/java/servlets/admin/userManagement/AddPlayer.java,87,"['cwe:117', 'cwe:20', 'owaspAsvs-4.0:5.1.3', 'owaspAsvs-4.0:5.1.4', 'owaspAsvs-4.0:7.3.1', 'owaspAsvs-4.0:7.3.2', 'owaspTop10-2021:a3', 'owaspTop10-2021:a9', 'owaspTop10:a1', 'owaspTop10:a10', 'stig-ASD_V5R3:V-222609']"
S5145,SecurityShepherd:src/main/java/servlets/admin/userManagement/AddPlayer.java,93,"['cwe:117', 'cwe:20', 'owaspAsvs-4.0:5.1.3', 'owaspAsvs-4.0:5.1.4', 'owaspAsvs-4.0:7.3.1', 'owaspAsvs-4.0:7.3.2', 'owaspTop10-2021:a3', 'owaspTop10-2021:a9', 'owaspTop10:a1', 'owaspTop10:a10', 'stig-ASD_V5R3:V-222609']"
S5145,SecurityShepherd:src/main/java/servlets/admin/userManagement/AddPlayer.java,96,"['cwe:117', 'cwe:20', 'owaspAsvs-4.0:5.1.3', 'owaspAsvs-4.0:5.1.4', 'owaspAsvs-4.0:7.3.1', 'owaspAsvs-4.0:7.3.2', 'owaspTop10-2021:a3', 'owaspTop10-2021:a9', 'owaspTop10:a1', 'owaspTop10:a10', 'stig-ASD_V5R3:V-222609']"
S5145,SecurityShepherd:src/main/java/servlets/admin/userManagement/AssignPlayers.java,78,"['cwe:117', 'cwe:20', 'owaspAsvs-4.0:5.1.3', 'owaspAsvs-4.0:5.1.4', 'owaspAsvs-4.0:7.3.1', 'owaspAsvs-4.0:7.3.2', 'owaspTop10-2021:a3', 'owaspTop10-2021:a9', 'owaspTop10:a1', 'owaspTop10:a10', 'stig-ASD_V5R3:V-222609']"
S5145,SecurityShepherd:src/main/java/servlets/admin/userManagement/AssignPlayers.java,81,"['cwe:117', 'cwe:20', 'owaspAsvs-4.0:5.1.3', 'owaspAsvs-4.0:5.1.4', 'owaspAsvs-4.0:7.3.1', 'owaspAsvs-4.0:7.3.2', 'owaspTop10-2021:a3', 'owaspTop10-2021:a9', 'owaspTop10:a1', 'owaspTop10:a10', 'stig-ASD_V5R3:V-222609']"
S5145,SecurityShepherd:src/main/java/servlets/admin/userManagement/AssignPlayers.java,102,"['cwe:117', 'cwe:20', 'owaspAsvs-4.0:5.1.3', 'owaspAsvs-4.0:5.1.4', 'owaspAsvs-4.0:7.3.1', 'owaspAsvs-4.0:7.3.2', 'owaspTop10-2021:a3', 'owaspTop10-2021:a9', 'owaspTop10:a1', 'owaspTop10:a10', 'stig-ASD_V5R3:V-222609']"
S5145,SecurityShepherd:src/main/java/servlets/admin/userManagement/ChangeUserPassword.java,69,"['cwe:117', 'cwe:20', 'owaspAsvs-4.0:5.1.3', 'owaspAsvs-4.0:5.1.4', 'owaspAsvs-4.0:7.3.1', 'owaspAsvs-4.0:7.3.2', 'owaspTop10-2021:a3', 'owaspTop10-2021:a9', 'owaspTop10:a1', 'owaspTop10:a10', 'stig-ASD_V5R3:V-222609']"
S5145,SecurityShepherd:src/main/java/servlets/admin/userManagement/ChangeUserPassword.java,71,"['cwe:117', 'cwe:20', 'owaspAsvs-4.0:5.1.3', 'owaspAsvs-4.0:5.1.4', 'owaspAsvs-4.0:7.3.1', 'owaspAsvs-4.0:7.3.2', 'owaspTop10-2021:a3', 'owaspTop10-2021:a9', 'owaspTop10:a1', 'owaspTop10:a10', 'stig-ASD_V5R3:V-222609']"
S5145,SecurityShepherd:src/main/java/servlets/admin/userManagement/CreateClass.java,79,"['cwe:117', 'cwe:20', 'owaspAsvs-4.0:5.1.3', 'owaspAsvs-4.0:5.1.4', 'owaspAsvs-4.0:7.3.1', 'owaspAsvs-4.0:7.3.2', 'owaspTop10-2021:a3', 'owaspTop10-2021:a9', 'owaspTop10:a1', 'owaspTop10:a10', 'stig-ASD_V5R3:V-222609']"
S5145,SecurityShepherd:src/main/java/servlets/admin/userManagement/CreateClass.java,81,"['cwe:117', 'cwe:20', 'owaspAsvs-4.0:5.1.3', 'owaspAsvs-4.0:5.1.4', 'owaspAsvs-4.0:7.3.1', 'owaspAsvs-4.0:7.3.2', 'owaspTop10-2021:a3', 'owaspTop10-2021:a9', 'owaspTop10:a1', 'owaspTop10:a10', 'stig-ASD_V5R3:V-222609']"
S5145,SecurityShepherd:src/main/java/servlets/admin/userManagement/CreateNewAdmin.java,83,"['cwe:117', 'cwe:20', 'owaspAsvs-4.0:5.1.3', 'owaspAsvs-4.0:5.1.4', 'owaspAsvs-4.0:7.3.1', 'owaspAsvs-4.0:7.3.2', 'owaspTop10-2021:a3', 'owaspTop10-2021:a9', 'owaspTop10:a1', 'owaspTop10:a10', 'stig-ASD_V5R3:V-222609']"
S5145,SecurityShepherd:src/main/java/servlets/admin/userManagement/CreateNewAdmin.java,89,"['cwe:117', 'cwe:20', 'owaspAsvs-4.0:5.1.3', 'owaspAsvs-4.0:5.1.4', 'owaspAsvs-4.0:7.3.1', 'owaspAsvs-4.0:7.3.2', 'owaspTop10-2021:a3', 'owaspTop10-2021:a9', 'owaspTop10:a1', 'owaspTop10:a10', 'stig-ASD_V5R3:V-222609']"
S5145,SecurityShepherd:src/main/java/servlets/admin/userManagement/CreateNewAdmin.java,92,"['cwe:117', 'cwe:20', 'owaspAsvs-4.0:5.1.3', 'owaspAsvs-4.0:5.1.4', 'owaspAsvs-4.0:7.3.1', 'owaspAsvs-4.0:7.3.2', 'owaspTop10-2021:a3', 'owaspTop10-2021:a9', 'owaspTop10:a1', 'owaspTop10:a10', 'stig-ASD_V5R3:V-222609']"
S5145,SecurityShepherd:src/main/java/servlets/admin/userManagement/DeletePlayers.java,75,"['cwe:117', 'cwe:20', 'owaspAsvs-4.0:5.1.3', 'owaspAsvs-4.0:5.1.4', 'owaspAsvs-4.0:7.3.1', 'owaspAsvs-4.0:7.3.2', 'owaspTop10-2021:a3', 'owaspTop10-2021:a9', 'owaspTop10:a1', 'owaspTop10:a10', 'stig-ASD_V5R3:V-222609']"
S5145,SecurityShepherd:src/main/java/servlets/admin/userManagement/DeletePlayers.java,80,"['cwe:117', 'cwe:20', 'owaspAsvs-4.0:5.1.3', 'owaspAsvs-4.0:5.1.4', 'owaspAsvs-4.0:7.3.1', 'owaspAsvs-4.0:7.3.2', 'owaspTop10-2021:a3', 'owaspTop10-2021:a9', 'owaspTop10:a1', 'owaspTop10:a10', 'stig-ASD_V5R3:V-222609']"
S5145,SecurityShepherd:src/main/java/servlets/admin/userManagement/DowngradeAdmin.java,74,"['cwe:117', 'cwe:20', 'owaspAsvs-4.0:5.1.3', 'owaspAsvs-4.0:5.1.4', 'owaspAsvs-4.0:7.3.1', 'owaspAsvs-4.0:7.3.2', 'owaspTop10-2021:a3', 'owaspTop10-2021:a9', 'owaspTop10:a1', 'owaspTop10:a10', 'stig-ASD_V5R3:V-222609']"
S5145,SecurityShepherd:src/main/java/servlets/admin/userManagement/GetPlayersByClass.java,77,"['cwe:117', 'cwe:20', 'owaspAsvs-4.0:5.1.3', 'owaspAsvs-4.0:5.1.4', 'owaspAsvs-4.0:7.3.1', 'owaspAsvs-4.0:7.3.2', 'owaspTop10-2021:a3', 'owaspTop10-2021:a9', 'owaspTop10:a1', 'owaspTop10:a10', 'stig-ASD_V5R3:V-222609']"
S5145,SecurityShepherd:src/main/java/servlets/admin/userManagement/GiveTakePoints.java,67,"['cwe:117', 'cwe:20', 'owaspAsvs-4.0:5.1.3', 'owaspAsvs-4.0:5.1.4', 'owaspAsvs-4.0:7.3.1', 'owaspAsvs-4.0:7.3.2', 'owaspTop10-2021:a3', 'owaspTop10-2021:a9', 'owaspTop10:a1', 'owaspTop10:a10', 'stig-ASD_V5R3:V-222609']"
S5145,SecurityShepherd:src/main/java/servlets/admin/userManagement/GiveTakePoints.java,69,"['cwe:117', 'cwe:20', 'owaspAsvs-4.0:5.1.3', 'owaspAsvs-4.0:5.1.4', 'owaspAsvs-4.0:7.3.1', 'owaspAsvs-4.0:7.3.2', 'owaspTop10-2021:a3', 'owaspTop10-2021:a9', 'owaspTop10:a1', 'owaspTop10:a10', 'stig-ASD_V5R3:V-222609']"
S5145,SecurityShepherd:src/main/java/servlets/admin/userManagement/GiveTakePoints.java,79,"['cwe:117', 'cwe:20', 'owaspAsvs-4.0:5.1.3', 'owaspAsvs-4.0:5.1.4', 'owaspAsvs-4.0:7.3.1', 'owaspAsvs-4.0:7.3.2', 'owaspTop10-2021:a3', 'owaspTop10-2021:a9', 'owaspTop10:a1', 'owaspTop10:a10', 'stig-ASD_V5R3:V-222609']"
S5145,SecurityShepherd:src/main/java/servlets/admin/userManagement/SetDefaultClass.java,78,"['cwe:117', 'cwe:20', 'owaspAsvs-4.0:5.1.3', 'owaspAsvs-4.0:5.1.4', 'owaspAsvs-4.0:7.3.1', 'owaspAsvs-4.0:7.3.2', 'owaspTop10-2021:a3', 'owaspTop10-2021:a9', 'owaspTop10:a1', 'owaspTop10:a10', 'stig-ASD_V5R3:V-222609']"
S5145,SecurityShepherd:src/main/java/servlets/admin/userManagement/SuspendUser.java,68,"['cwe:117', 'cwe:20', 'owaspAsvs-4.0:5.1.3', 'owaspAsvs-4.0:5.1.4', 'owaspAsvs-4.0:7.3.1', 'owaspAsvs-4.0:7.3.2', 'owaspTop10-2021:a3', 'owaspTop10-2021:a9', 'owaspTop10:a1', 'owaspTop10:a10', 'stig-ASD_V5R3:V-222609']"
S5145,SecurityShepherd:src/main/java/servlets/admin/userManagement/SuspendUser.java,70,"['cwe:117', 'cwe:20', 'owaspAsvs-4.0:5.1.3', 'owaspAsvs-4.0:5.1.4', 'owaspAsvs-4.0:7.3.1', 'owaspAsvs-4.0:7.3.2', 'owaspTop10-2021:a3', 'owaspTop10-2021:a9', 'owaspTop10:a1', 'owaspTop10:a10', 'stig-ASD_V5R3:V-222609']"
S5145,SecurityShepherd:src/main/java/servlets/admin/userManagement/UnSuspendUser.java,68,"['cwe:117', 'cwe:20', 'owaspAsvs-4.0:5.1.3', 'owaspAsvs-4.0:5.1.4', 'owaspAsvs-4.0:7.3.1', 'owaspAsvs-4.0:7.3.2', 'owaspTop10-2021:a3', 'owaspTop10-2021:a9', 'owaspTop10:a1', 'owaspTop10:a10', 'stig-ASD_V5R3:V-222609']"
S5145,SecurityShepherd:src/main/java/servlets/admin/userManagement/UpgradePlayer.java,77,"['cwe:117', 'cwe:20', 'owaspAsvs-4.0:5.1.3', 'owaspAsvs-4.0:5.1.4', 'owaspAsvs-4.0:7.3.1', 'owaspAsvs-4.0:7.3.2', 'owaspTop10-2021:a3', 'owaspTop10-2021:a9', 'owaspTop10:a1', 'owaspTop10:a10', 'stig-ASD_V5R3:V-222609']"
S5145,SecurityShepherd:src/main/java/servlets/module/FeedbackSubmit.java,87,"['cwe:117', 'cwe:20', 'owaspAsvs-4.0:5.1.3', 'owaspAsvs-4.0:5.1.4', 'owaspAsvs-4.0:7.3.1', 'owaspAsvs-4.0:7.3.2', 'owaspTop10-2021:a3', 'owaspTop10-2021:a9', 'owaspTop10:a1', 'owaspTop10:a10', 'stig-ASD_V5R3:V-222609']"
S5145,SecurityShepherd:src/main/java/servlets/module/FeedbackSubmit.java,91,"['cwe:117', 'cwe:20', 'owaspAsvs-4.0:5.1.3', 'owaspAsvs-4.0:5.1.4', 'owaspAsvs-4.0:7.3.1', 'owaspAsvs-4.0:7.3.2', 'owaspTop10-2021:a3', 'owaspTop10-2021:a9', 'owaspTop10:a1', 'owaspTop10:a10', 'stig-ASD_V5R3:V-222609']"
S5145,SecurityShepherd:src/main/java/servlets/module/FeedbackSubmit.java,102,"['cwe:117', 'cwe:20', 'owaspAsvs-4.0:5.1.3', 'owaspAsvs-4.0:5.1.4', 'owaspAsvs-4.0:7.3.1', 'owaspAsvs-4.0:7.3.2', 'owaspTop10-2021:a3', 'owaspTop10-2021:a9', 'owaspTop10:a1', 'owaspTop10:a10', 'stig-ASD_V5R3:V-222609']"
S5145,SecurityShepherd:src/main/java/servlets/module/FeedbackSubmit.java,129,"['cwe:117', 'cwe:20', 'owaspAsvs-4.0:5.1.3', 'owaspAsvs-4.0:5.1.4', 'owaspAsvs-4.0:7.3.1', 'owaspAsvs-4.0:7.3.2', 'owaspTop10-2021:a3', 'owaspTop10-2021:a9', 'owaspTop10:a1', 'owaspTop10:a10', 'stig-ASD_V5R3:V-222609']"
S5145,SecurityShepherd:src/main/java/servlets/module/GetCheat.java,74,"['cwe:117', 'cwe:20', 'owaspAsvs-4.0:5.1.3', 'owaspAsvs-4.0:5.1.4', 'owaspAsvs-4.0:7.3.1', 'owaspAsvs-4.0:7.3.2', 'owaspTop10-2021:a3', 'owaspTop10-2021:a9', 'owaspTop10:a1', 'owaspTop10:a10', 'stig-ASD_V5R3:V-222609']"
S5145,SecurityShepherd:src/main/java/servlets/module/GetModule.java,104,"['cwe:117', 'cwe:20', 'owaspAsvs-4.0:5.1.3', 'owaspAsvs-4.0:5.1.4', 'owaspAsvs-4.0:7.3.1', 'owaspAsvs-4.0:7.3.2', 'owaspTop10-2021:a3', 'owaspTop10-2021:a9', 'owaspTop10:a1', 'owaspTop10:a10', 'stig-ASD_V5R3:V-222609']"
S5145,SecurityShepherd:src/main/java/servlets/module/ModuleServletTemplate.java,85,"['cwe:117', 'cwe:20', 'owaspAsvs-4.0:5.1.3', 'owaspAsvs-4.0:5.1.4', 'owaspAsvs-4.0:7.3.1', 'owaspAsvs-4.0:7.3.2', 'owaspTop10-2021:a3', 'owaspTop10-2021:a9', 'owaspTop10:a1', 'owaspTop10:a10', 'stig-ASD_V5R3:V-222609']"
S5145,SecurityShepherd:src/main/java/servlets/module/SolutionSubmit.java,84,"['cwe:117', 'cwe:20', 'owaspAsvs-4.0:5.1.3', 'owaspAsvs-4.0:5.1.4', 'owaspAsvs-4.0:7.3.1', 'owaspAsvs-4.0:7.3.2', 'owaspTop10-2021:a3', 'owaspTop10-2021:a9', 'owaspTop10:a1', 'owaspTop10:a10', 'stig-ASD_V5R3:V-222609']"
S5145,SecurityShepherd:src/main/java/servlets/module/SolutionSubmit.java,87,"['cwe:117', 'cwe:20', 'owaspAsvs-4.0:5.1.3', 'owaspAsvs-4.0:5.1.4', 'owaspAsvs-4.0:7.3.1', 'owaspAsvs-4.0:7.3.2', 'owaspTop10-2021:a3', 'owaspTop10-2021:a9', 'owaspTop10:a1', 'owaspTop10:a10', 'stig-ASD_V5R3:V-222609']"
S5145,SecurityShepherd:src/main/java/servlets/module/SolutionSubmit.java,124,"['cwe:117', 'cwe:20', 'owaspAsvs-4.0:5.1.3', 'owaspAsvs-4.0:5.1.4', 'owaspAsvs-4.0:7.3.1', 'owaspAsvs-4.0:7.3.2', 'owaspTop10-2021:a3', 'owaspTop10-2021:a9', 'owaspTop10:a1', 'owaspTop10:a10', 'stig-ASD_V5R3:V-222609']"
S5145,SecurityShepherd:src/main/java/servlets/module/challenge/BrokenCrypto3.java,72,"['cwe:117', 'cwe:20', 'owaspAsvs-4.0:5.1.3', 'owaspAsvs-4.0:5.1.4', 'owaspAsvs-4.0:7.3.1', 'owaspAsvs-4.0:7.3.2', 'owaspTop10-2021:a3', 'owaspTop10-2021:a9', 'owaspTop10:a1', 'owaspTop10:a10', 'stig-ASD_V5R3:V-222609']"
S5145,SecurityShepherd:src/main/java/servlets/module/challenge/BrokenCrypto4.java,84,"['cwe:117', 'cwe:20', 'owaspAsvs-4.0:5.1.3', 'owaspAsvs-4.0:5.1.4', 'owaspAsvs-4.0:7.3.1', 'owaspAsvs-4.0:7.3.2', 'owaspTop10-2021:a3', 'owaspTop10-2021:a9', 'owaspTop10:a1', 'owaspTop10:a10', 'stig-ASD_V5R3:V-222609']"
S5145,SecurityShepherd:src/main/java/servlets/module/challenge/BrokenCryptoHomeMade.java,376,"['cwe:117', 'cwe:20', 'owaspAsvs-4.0:5.1.3', 'owaspAsvs-4.0:5.1.4', 'owaspAsvs-4.0:7.3.1', 'owaspAsvs-4.0:7.3.2', 'owaspTop10-2021:a3', 'owaspTop10-2021:a9', 'owaspTop10:a1', 'owaspTop10:a10', 'stig-ASD_V5R3:V-222609']"
S5145,SecurityShepherd:src/main/java/servlets/module/challenge/CsrfChallengeFive.java,79,"['cwe:117', 'cwe:20', 'owaspAsvs-4.0:5.1.3', 'owaspAsvs-4.0:5.1.4', 'owaspAsvs-4.0:7.3.1', 'owaspAsvs-4.0:7.3.2', 'owaspTop10-2021:a3', 'owaspTop10-2021:a9', 'owaspTop10:a1', 'owaspTop10:a10', 'stig-ASD_V5R3:V-222609']"
S5145,SecurityShepherd:src/main/java/servlets/module/challenge/CsrfChallengeFour.java,79,"['cwe:117', 'cwe:20', 'owaspAsvs-4.0:5.1.3', 'owaspAsvs-4.0:5.1.4', 'owaspAsvs-4.0:7.3.1', 'owaspAsvs-4.0:7.3.2', 'owaspTop10-2021:a3', 'owaspTop10-2021:a9', 'owaspTop10:a1', 'owaspTop10:a10', 'stig-ASD_V5R3:V-222609']"
S5145,SecurityShepherd:src/main/java/servlets/module/challenge/CsrfChallengeJSON.java,81,"['cwe:117', 'cwe:20', 'owaspAsvs-4.0:5.1.3', 'owaspAsvs-4.0:5.1.4', 'owaspAsvs-4.0:7.3.1', 'owaspAsvs-4.0:7.3.2', 'owaspTop10-2021:a3', 'owaspTop10-2021:a9', 'owaspTop10:a1', 'owaspTop10:a10', 'stig-ASD_V5R3:V-222609']"
S5145,SecurityShepherd:src/main/java/servlets/module/challenge/CsrfChallengeOne.java,77,"['cwe:117', 'cwe:20', 'owaspAsvs-4.0:5.1.3', 'owaspAsvs-4.0:5.1.4', 'owaspAsvs-4.0:7.3.1', 'owaspAsvs-4.0:7.3.2', 'owaspTop10-2021:a3', 'owaspTop10-2021:a9', 'owaspTop10:a1', 'owaspTop10:a10', 'stig-ASD_V5R3:V-222609']"
S5145,SecurityShepherd:src/main/java/servlets/module/challenge/CsrfChallengeSeven.java,77,"['cwe:117', 'cwe:20', 'owaspAsvs-4.0:5.1.3', 'owaspAsvs-4.0:5.1.4', 'owaspAsvs-4.0:7.3.1', 'owaspAsvs-4.0:7.3.2', 'owaspTop10-2021:a3', 'owaspTop10-2021:a9', 'owaspTop10:a1', 'owaspTop10:a10', 'stig-ASD_V5R3:V-222609']"
S5145,SecurityShepherd:src/main/java/servlets/module/challenge/CsrfChallengeSevenGetToken.java,95,"['cwe:117', 'cwe:20', 'owaspAsvs-4.0:5.1.3', 'owaspAsvs-4.0:5.1.4', 'owaspAsvs-4.0:7.3.1', 'owaspAsvs-4.0:7.3.2', 'owaspTop10-2021:a3', 'owaspTop10-2021:a9', 'owaspTop10:a1', 'owaspTop10:a10', 'stig-ASD_V5R3:V-222609']"
S5145,SecurityShepherd:src/main/java/servlets/module/challenge/CsrfChallengeSix.java,79,"['cwe:117', 'cwe:20', 'owaspAsvs-4.0:5.1.3', 'owaspAsvs-4.0:5.1.4', 'owaspAsvs-4.0:7.3.1', 'owaspAsvs-4.0:7.3.2', 'owaspTop10-2021:a3', 'owaspTop10-2021:a9', 'owaspTop10:a1', 'owaspTop10:a10', 'stig-ASD_V5R3:V-222609']"
S5145,SecurityShepherd:src/main/java/servlets/module/challenge/CsrfChallengeSixGetToken.java,90,"['cwe:117', 'cwe:20', 'owaspAsvs-4.0:5.1.3', 'owaspAsvs-4.0:5.1.4', 'owaspAsvs-4.0:7.3.1', 'owaspAsvs-4.0:7.3.2', 'owaspTop10-2021:a3', 'owaspTop10-2021:a9', 'owaspTop10:a1', 'owaspTop10:a10', 'stig-ASD_V5R3:V-222609']"
S5145,SecurityShepherd:src/main/java/servlets/module/challenge/CsrfChallengeTargetFive.java,93,"['cwe:117', 'cwe:20', 'owaspAsvs-4.0:5.1.3', 'owaspAsvs-4.0:5.1.4', 'owaspAsvs-4.0:7.3.1', 'owaspAsvs-4.0:7.3.2', 'owaspTop10-2021:a3', 'owaspTop10-2021:a9', 'owaspTop10:a1', 'owaspTop10:a10', 'stig-ASD_V5R3:V-222609']"
S5145,SecurityShepherd:src/main/java/servlets/module/challenge/CsrfChallengeTargetFive.java,96,"['cwe:117', 'cwe:20', 'owaspAsvs-4.0:5.1.3', 'owaspAsvs-4.0:5.1.4', 'owaspAsvs-4.0:7.3.1', 'owaspAsvs-4.0:7.3.2', 'owaspTop10-2021:a3', 'owaspTop10-2021:a9', 'owaspTop10:a1', 'owaspTop10:a10', 'stig-ASD_V5R3:V-222609']"
S5145,SecurityShepherd:src/main/java/servlets/module/challenge/CsrfChallengeTargetFour.java,100,"['cwe:117', 'cwe:20', 'owaspAsvs-4.0:5.1.3', 'owaspAsvs-4.0:5.1.4', 'owaspAsvs-4.0:7.3.1', 'owaspAsvs-4.0:7.3.2', 'owaspTop10-2021:a3', 'owaspTop10-2021:a9', 'owaspTop10:a1', 'owaspTop10:a10', 'stig-ASD_V5R3:V-222609']"
S5145,SecurityShepherd:src/main/java/servlets/module/challenge/CsrfChallengeTargetFour.java,102,"['cwe:117', 'cwe:20', 'owaspAsvs-4.0:5.1.3', 'owaspAsvs-4.0:5.1.4', 'owaspAsvs-4.0:7.3.1', 'owaspAsvs-4.0:7.3.2', 'owaspTop10-2021:a3', 'owaspTop10-2021:a9', 'owaspTop10:a1', 'owaspTop10:a10', 'stig-ASD_V5R3:V-222609']"
S5145,SecurityShepherd:src/main/java/servlets/module/challenge/CsrfChallengeTargetOne.java,73,"['cwe:117', 'cwe:20', 'owaspAsvs-4.0:5.1.3', 'owaspAsvs-4.0:5.1.4', 'owaspAsvs-4.0:7.3.1', 'owaspAsvs-4.0:7.3.2', 'owaspTop10-2021:a3', 'owaspTop10-2021:a9', 'owaspTop10:a1', 'owaspTop10:a10', 'stig-ASD_V5R3:V-222609']"
S5145,SecurityShepherd:src/main/java/servlets/module/challenge/CsrfChallengeTargetSeven.java,95,"['cwe:117', 'cwe:20', 'owaspAsvs-4.0:5.1.3', 'owaspAsvs-4.0:5.1.4', 'owaspAsvs-4.0:7.3.1', 'owaspAsvs-4.0:7.3.2', 'owaspTop10-2021:a3', 'owaspTop10-2021:a9', 'owaspTop10:a1', 'owaspTop10:a10', 'stig-ASD_V5R3:V-222609']"
S5145,SecurityShepherd:src/main/java/servlets/module/challenge/CsrfChallengeTargetSeven.java,97,"['cwe:117', 'cwe:20', 'owaspAsvs-4.0:5.1.3', 'owaspAsvs-4.0:5.1.4', 'owaspAsvs-4.0:7.3.1', 'owaspAsvs-4.0:7.3.2', 'owaspTop10-2021:a3', 'owaspTop10-2021:a9', 'owaspTop10:a1', 'owaspTop10:a10', 'stig-ASD_V5R3:V-222609']"
S5145,SecurityShepherd:src/main/java/servlets/module/challenge/CsrfChallengeTargetSix.java,101,"['cwe:117', 'cwe:20', 'owaspAsvs-4.0:5.1.3', 'owaspAsvs-4.0:5.1.4', 'owaspAsvs-4.0:7.3.1', 'owaspAsvs-4.0:7.3.2', 'owaspTop10-2021:a3', 'owaspTop10-2021:a9', 'owaspTop10:a1', 'owaspTop10:a10', 'stig-ASD_V5R3:V-222609']"
S5145,SecurityShepherd:src/main/java/servlets/module/challenge/CsrfChallengeTargetSix.java,104,"['cwe:117', 'cwe:20', 'owaspAsvs-4.0:5.1.3', 'owaspAsvs-4.0:5.1.4', 'owaspAsvs-4.0:7.3.1', 'owaspAsvs-4.0:7.3.2', 'owaspTop10-2021:a3', 'owaspTop10-2021:a9', 'owaspTop10:a1', 'owaspTop10:a10', 'stig-ASD_V5R3:V-222609']"
S5145,SecurityShepherd:src/main/java/servlets/module/challenge/CsrfChallengeTargetThree.java,73,"['cwe:117', 'cwe:20', 'owaspAsvs-4.0:5.1.3', 'owaspAsvs-4.0:5.1.4', 'owaspAsvs-4.0:7.3.1', 'owaspAsvs-4.0:7.3.2', 'owaspTop10-2021:a3', 'owaspTop10-2021:a9', 'owaspTop10:a1', 'owaspTop10:a10', 'stig-ASD_V5R3:V-222609']"
S5145,SecurityShepherd:src/main/java/servlets/module/challenge/CsrfChallengeTargetTwo.java,73,"['cwe:117', 'cwe:20', 'owaspAsvs-4.0:5.1.3', 'owaspAsvs-4.0:5.1.4', 'owaspAsvs-4.0:7.3.1', 'owaspAsvs-4.0:7.3.2', 'owaspTop10-2021:a3', 'owaspTop10-2021:a9', 'owaspTop10:a1', 'owaspTop10:a10', 'stig-ASD_V5R3:V-222609']"
S5145,SecurityShepherd:src/main/java/servlets/module/challenge/CsrfChallengeThree.java,79,"['cwe:117', 'cwe:20', 'owaspAsvs-4.0:5.1.3', 'owaspAsvs-4.0:5.1.4', 'owaspAsvs-4.0:7.3.1', 'owaspAsvs-4.0:7.3.2', 'owaspTop10-2021:a3', 'owaspTop10-2021:a9', 'owaspTop10:a1', 'owaspTop10:a10', 'stig-ASD_V5R3:V-222609']"
S5145,SecurityShepherd:src/main/java/servlets/module/challenge/CsrfChallengeTwo.java,79,"['cwe:117', 'cwe:20', 'owaspAsvs-4.0:5.1.3', 'owaspAsvs-4.0:5.1.4', 'owaspAsvs-4.0:7.3.1', 'owaspAsvs-4.0:7.3.2', 'owaspTop10-2021:a3', 'owaspTop10-2021:a9', 'owaspTop10:a1', 'owaspTop10:a10', 'stig-ASD_V5R3:V-222609']"
S5145,SecurityShepherd:src/main/java/servlets/module/challenge/DirectObject1.java,77,"['cwe:117', 'cwe:20', 'owaspAsvs-4.0:5.1.3', 'owaspAsvs-4.0:5.1.4', 'owaspAsvs-4.0:7.3.1', 'owaspAsvs-4.0:7.3.2', 'owaspTop10-2021:a3', 'owaspTop10-2021:a9', 'owaspTop10:a1', 'owaspTop10:a10', 'stig-ASD_V5R3:V-222609']"
S5145,SecurityShepherd:src/main/java/servlets/module/challenge/DirectObject2.java,77,"['cwe:117', 'cwe:20', 'owaspAsvs-4.0:5.1.3', 'owaspAsvs-4.0:5.1.4', 'owaspAsvs-4.0:7.3.1', 'owaspAsvs-4.0:7.3.2', 'owaspTop10-2021:a3', 'owaspTop10-2021:a9', 'owaspTop10:a1', 'owaspTop10:a10', 'stig-ASD_V5R3:V-222609']"
S5145,SecurityShepherd:src/main/java/servlets/module/challenge/DirectObjectBankCurrentBalance.java,71,"['cwe:117', 'cwe:20', 'owaspAsvs-4.0:5.1.3', 'owaspAsvs-4.0:5.1.4', 'owaspAsvs-4.0:7.3.1', 'owaspAsvs-4.0:7.3.2', 'owaspTop10-2021:a3', 'owaspTop10-2021:a9', 'owaspTop10:a1', 'owaspTop10:a10', 'stig-ASD_V5R3:V-222609']"
S5145,SecurityShepherd:src/main/java/servlets/module/challenge/DirectObjectBankLogin.java,80,"['cwe:117', 'cwe:20', 'owaspAsvs-4.0:5.1.3', 'owaspAsvs-4.0:5.1.4', 'owaspAsvs-4.0:7.3.1', 'owaspAsvs-4.0:7.3.2', 'owaspTop10-2021:a3', 'owaspTop10-2021:a9', 'owaspTop10:a1', 'owaspTop10:a10', 'stig-ASD_V5R3:V-222609']"
S5145,SecurityShepherd:src/main/java/servlets/module/challenge/DirectObjectBankLogin.java,82,"['cwe:117', 'cwe:20', 'owaspAsvs-4.0:5.1.3', 'owaspAsvs-4.0:5.1.4', 'owaspAsvs-4.0:7.3.1', 'owaspAsvs-4.0:7.3.2', 'owaspTop10-2021:a3', 'owaspTop10-2021:a9', 'owaspTop10:a1', 'owaspTop10:a10', 'stig-ASD_V5R3:V-222609']"
S5145,SecurityShepherd:src/main/java/servlets/module/challenge/DirectObjectBankRegistration.java,71,"['cwe:117', 'cwe:20', 'owaspAsvs-4.0:5.1.3', 'owaspAsvs-4.0:5.1.4', 'owaspAsvs-4.0:7.3.1', 'owaspAsvs-4.0:7.3.2', 'owaspTop10-2021:a3', 'owaspTop10-2021:a9', 'owaspTop10:a1', 'owaspTop10:a10', 'stig-ASD_V5R3:V-222609']"
S5145,SecurityShepherd:src/main/java/servlets/module/challenge/DirectObjectBankRegistration.java,73,"['cwe:117', 'cwe:20', 'owaspAsvs-4.0:5.1.3', 'owaspAsvs-4.0:5.1.4', 'owaspAsvs-4.0:7.3.1', 'owaspAsvs-4.0:7.3.2', 'owaspTop10-2021:a3', 'owaspTop10-2021:a9', 'owaspTop10:a1', 'owaspTop10:a10', 'stig-ASD_V5R3:V-222609']"
S5145,SecurityShepherd:src/main/java/servlets/module/challenge/DirectObjectBankTransfer.java,77,"['cwe:117', 'cwe:20', 'owaspAsvs-4.0:5.1.3', 'owaspAsvs-4.0:5.1.4', 'owaspAsvs-4.0:7.3.1', 'owaspAsvs-4.0:7.3.2', 'owaspTop10-2021:a3', 'owaspTop10-2021:a9', 'owaspTop10:a1', 'owaspTop10:a10', 'stig-ASD_V5R3:V-222609']"
S5145,SecurityShepherd:src/main/java/servlets/module/challenge/DirectObjectBankTransfer.java,79,"['cwe:117', 'cwe:20', 'owaspAsvs-4.0:5.1.3', 'owaspAsvs-4.0:5.1.4', 'owaspAsvs-4.0:7.3.1', 'owaspAsvs-4.0:7.3.2', 'owaspTop10-2021:a3', 'owaspTop10-2021:a9', 'owaspTop10:a1', 'owaspTop10:a10', 'stig-ASD_V5R3:V-222609']"
S5145,SecurityShepherd:src/main/java/servlets/module/challenge/DirectObjectBankTransfer.java,81,"['cwe:117', 'cwe:20', 'owaspAsvs-4.0:5.1.3', 'owaspAsvs-4.0:5.1.4', 'owaspAsvs-4.0:7.3.1', 'owaspAsvs-4.0:7.3.2', 'owaspTop10-2021:a3', 'owaspTop10-2021:a9', 'owaspTop10:a1', 'owaspTop10:a10', 'stig-ASD_V5R3:V-222609']"
S5145,SecurityShepherd:src/main/java/servlets/module/challenge/NoSqlInjection1.java,114,"['cwe:117', 'cwe:20', 'owaspAsvs-4.0:5.1.3', 'owaspAsvs-4.0:5.1.4', 'owaspAsvs-4.0:7.3.1', 'owaspAsvs-4.0:7.3.2', 'owaspTop10-2021:a3', 'owaspTop10-2021:a9', 'owaspTop10:a1', 'owaspTop10:a10', 'stig-ASD_V5R3:V-222609']"
S5145,SecurityShepherd:src/main/java/servlets/module/challenge/SessionManagement2.java,96,"['cwe:117', 'cwe:20', 'owaspAsvs-4.0:5.1.3', 'owaspAsvs-4.0:5.1.4', 'owaspAsvs-4.0:7.3.1', 'owaspAsvs-4.0:7.3.2', 'owaspTop10-2021:a3', 'owaspTop10-2021:a9', 'owaspTop10:a1', 'owaspTop10:a10', 'stig-ASD_V5R3:V-222609']"
S5145,SecurityShepherd:src/main/java/servlets/module/challenge/SessionManagement2.java,97,"['cwe:117', 'cwe:20', 'owaspAsvs-4.0:5.1.3', 'owaspAsvs-4.0:5.1.4', 'owaspAsvs-4.0:7.3.1', 'owaspAsvs-4.0:7.3.2', 'owaspTop10-2021:a3', 'owaspTop10-2021:a9', 'owaspTop10:a1', 'owaspTop10:a10', 'stig-ASD_V5R3:V-222609']"
S5145,SecurityShepherd:src/main/java/servlets/module/challenge/SessionManagement2ChangePassword.java,88,"['cwe:117', 'cwe:20', 'owaspAsvs-4.0:5.1.3', 'owaspAsvs-4.0:5.1.4', 'owaspAsvs-4.0:7.3.1', 'owaspAsvs-4.0:7.3.2', 'owaspTop10-2021:a3', 'owaspTop10-2021:a9', 'owaspTop10:a1', 'owaspTop10:a10', 'stig-ASD_V5R3:V-222609']"
S5145,SecurityShepherd:src/main/java/servlets/module/challenge/SessionManagement3.java,98,"['cwe:117', 'cwe:20', 'owaspAsvs-4.0:5.1.3', 'owaspAsvs-4.0:5.1.4', 'owaspAsvs-4.0:7.3.1', 'owaspAsvs-4.0:7.3.2', 'owaspTop10-2021:a3', 'owaspTop10-2021:a9', 'owaspTop10:a1', 'owaspTop10:a10', 'stig-ASD_V5R3:V-222609']"
S5145,SecurityShepherd:src/main/java/servlets/module/challenge/SessionManagement3.java,99,"['cwe:117', 'cwe:20', 'owaspAsvs-4.0:5.1.3', 'owaspAsvs-4.0:5.1.4', 'owaspAsvs-4.0:7.3.1', 'owaspAsvs-4.0:7.3.2', 'owaspTop10-2021:a3', 'owaspTop10-2021:a9', 'owaspTop10:a1', 'owaspTop10:a10', 'stig-ASD_V5R3:V-222609']"
S5145,SecurityShepherd:src/main/java/servlets/module/challenge/SessionManagement3ChangePassword.java,113,"['cwe:117', 'cwe:20', 'owaspAsvs-4.0:5.1.3', 'owaspAsvs-4.0:5.1.4', 'owaspAsvs-4.0:7.3.1', 'owaspAsvs-4.0:7.3.2', 'owaspTop10-2021:a3', 'owaspTop10-2021:a9', 'owaspTop10:a1', 'owaspTop10:a10', 'stig-ASD_V5R3:V-222609']"
S5145,SecurityShepherd:src/main/java/servlets/module/challenge/SessionManagement3ChangePassword.java,122,"['cwe:117', 'cwe:20', 'owaspAsvs-4.0:5.1.3', 'owaspAsvs-4.0:5.1.4', 'owaspAsvs-4.0:7.3.1', 'owaspAsvs-4.0:7.3.2', 'owaspTop10-2021:a3', 'owaspTop10-2021:a9', 'owaspTop10:a1', 'owaspTop10:a10', 'stig-ASD_V5R3:V-222609']"
S5145,SecurityShepherd:src/main/java/servlets/module/challenge/SessionManagement3ChangePassword.java,139,"['cwe:117', 'cwe:20', 'owaspAsvs-4.0:5.1.3', 'owaspAsvs-4.0:5.1.4', 'owaspAsvs-4.0:7.3.1', 'owaspAsvs-4.0:7.3.2', 'owaspTop10-2021:a3', 'owaspTop10-2021:a9', 'owaspTop10:a1', 'owaspTop10:a10', 'stig-ASD_V5R3:V-222609']"
S5145,SecurityShepherd:src/main/java/servlets/module/challenge/SessionManagement4.java,129,"['cwe:117', 'cwe:20', 'owaspAsvs-4.0:5.1.3', 'owaspAsvs-4.0:5.1.4', 'owaspAsvs-4.0:7.3.1', 'owaspAsvs-4.0:7.3.2', 'owaspTop10-2021:a3', 'owaspTop10-2021:a9', 'owaspTop10:a1', 'owaspTop10:a10', 'stig-ASD_V5R3:V-222609']"
S5145,SecurityShepherd:src/main/java/servlets/module/challenge/SessionManagement4.java,130,"['cwe:117', 'cwe:20', 'owaspAsvs-4.0:5.1.3', 'owaspAsvs-4.0:5.1.4', 'owaspAsvs-4.0:7.3.1', 'owaspAsvs-4.0:7.3.2', 'owaspTop10-2021:a3', 'owaspTop10-2021:a9', 'owaspTop10:a1', 'owaspTop10:a10', 'stig-ASD_V5R3:V-222609']"
S5145,SecurityShepherd:src/main/java/servlets/module/challenge/SessionManagement5.java,93,"['cwe:117', 'cwe:20', 'owaspAsvs-4.0:5.1.3', 'owaspAsvs-4.0:5.1.4', 'owaspAsvs-4.0:7.3.1', 'owaspAsvs-4.0:7.3.2', 'owaspTop10-2021:a3', 'owaspTop10-2021:a9', 'owaspTop10:a1', 'owaspTop10:a10', 'stig-ASD_V5R3:V-222609']"
S5145,SecurityShepherd:src/main/java/servlets/module/challenge/SessionManagement5.java,94,"['cwe:117', 'cwe:20', 'owaspAsvs-4.0:5.1.3', 'owaspAsvs-4.0:5.1.4', 'owaspAsvs-4.0:7.3.1', 'owaspAsvs-4.0:7.3.2', 'owaspTop10-2021:a3', 'owaspTop10-2021:a9', 'owaspTop10:a1', 'owaspTop10:a10', 'stig-ASD_V5R3:V-222609']"
S5145,SecurityShepherd:src/main/java/servlets/module/challenge/SessionManagement5ChangePassword.java,101,"['cwe:117', 'cwe:20', 'owaspAsvs-4.0:5.1.3', 'owaspAsvs-4.0:5.1.4', 'owaspAsvs-4.0:7.3.1', 'owaspAsvs-4.0:7.3.2', 'owaspTop10-2021:a3', 'owaspTop10-2021:a9', 'owaspTop10:a1', 'owaspTop10:a10', 'stig-ASD_V5R3:V-222609']"
S5145,SecurityShepherd:src/main/java/servlets/module/challenge/SessionManagement5ChangePassword.java,102,"['cwe:117', 'cwe:20', 'owaspAsvs-4.0:5.1.3', 'owaspAsvs-4.0:5.1.4', 'owaspAsvs-4.0:7.3.1', 'owaspAsvs-4.0:7.3.2', 'owaspTop10-2021:a3', 'owaspTop10-2021:a9', 'owaspTop10:a1', 'owaspTop10:a10', 'stig-ASD_V5R3:V-222609']"
S5145,SecurityShepherd:src/main/java/servlets/module/challenge/SessionManagement5ChangePassword.java,103,"['cwe:117', 'cwe:20', 'owaspAsvs-4.0:5.1.3', 'owaspAsvs-4.0:5.1.4', 'owaspAsvs-4.0:7.3.1', 'owaspAsvs-4.0:7.3.2', 'owaspTop10-2021:a3', 'owaspTop10-2021:a9', 'owaspTop10:a1', 'owaspTop10:a10', 'stig-ASD_V5R3:V-222609']"
S5145,SecurityShepherd:src/main/java/servlets/module/challenge/SessionManagement5ChangePassword.java,116,"['cwe:117', 'cwe:20', 'owaspAsvs-4.0:5.1.3', 'owaspAsvs-4.0:5.1.4', 'owaspAsvs-4.0:7.3.1', 'owaspAsvs-4.0:7.3.2', 'owaspTop10-2021:a3', 'owaspTop10-2021:a9', 'owaspTop10:a1', 'owaspTop10:a10', 'stig-ASD_V5R3:V-222609']"
S5145,SecurityShepherd:src/main/java/servlets/module/challenge/SessionManagement5ChangePassword.java,140,"['cwe:117', 'cwe:20', 'owaspAsvs-4.0:5.1.3', 'owaspAsvs-4.0:5.1.4', 'owaspAsvs-4.0:7.3.1', 'owaspAsvs-4.0:7.3.2', 'owaspTop10-2021:a3', 'owaspTop10-2021:a9', 'owaspTop10:a1', 'owaspTop10:a10', 'stig-ASD_V5R3:V-222609']"
S5145,SecurityShepherd:src/main/java/servlets/module/challenge/SessionManagement5ChangePassword.java,141,"['cwe:117', 'cwe:20', 'owaspAsvs-4.0:5.1.3', 'owaspAsvs-4.0:5.1.4', 'owaspAsvs-4.0:7.3.1', 'owaspAsvs-4.0:7.3.2', 'owaspTop10-2021:a3', 'owaspTop10-2021:a9', 'owaspTop10:a1', 'owaspTop10:a10', 'stig-ASD_V5R3:V-222609']"
S5145,SecurityShepherd:src/main/java/servlets/module/challenge/SessionManagement5ChangePassword.java,161,"['cwe:117', 'cwe:20', 'owaspAsvs-4.0:5.1.3', 'owaspAsvs-4.0:5.1.4', 'owaspAsvs-4.0:7.3.1', 'owaspAsvs-4.0:7.3.2', 'owaspTop10-2021:a3', 'owaspTop10-2021:a9', 'owaspTop10:a1', 'owaspTop10:a10', 'stig-ASD_V5R3:V-222609']"
S5145,SecurityShepherd:src/main/java/servlets/module/challenge/SessionManagement5SetToken.java,90,"['cwe:117', 'cwe:20', 'owaspAsvs-4.0:5.1.3', 'owaspAsvs-4.0:5.1.4', 'owaspAsvs-4.0:7.3.1', 'owaspAsvs-4.0:7.3.2', 'owaspTop10-2021:a3', 'owaspTop10-2021:a9', 'owaspTop10:a1', 'owaspTop10:a10', 'stig-ASD_V5R3:V-222609']"
S5145,SecurityShepherd:src/main/java/servlets/module/challenge/SessionManagement6.java,113,"['cwe:117', 'cwe:20', 'owaspAsvs-4.0:5.1.3', 'owaspAsvs-4.0:5.1.4', 'owaspAsvs-4.0:7.3.1', 'owaspAsvs-4.0:7.3.2', 'owaspTop10-2021:a3', 'owaspTop10-2021:a9', 'owaspTop10:a1', 'owaspTop10:a10', 'stig-ASD_V5R3:V-222609']"
S5145,SecurityShepherd:src/main/java/servlets/module/challenge/SessionManagement6.java,114,"['cwe:117', 'cwe:20', 'owaspAsvs-4.0:5.1.3', 'owaspAsvs-4.0:5.1.4', 'owaspAsvs-4.0:7.3.1', 'owaspAsvs-4.0:7.3.2', 'owaspTop10-2021:a3', 'owaspTop10-2021:a9', 'owaspTop10:a1', 'owaspTop10:a10', 'stig-ASD_V5R3:V-222609']"
S5145,SecurityShepherd:src/main/java/servlets/module/challenge/SessionManagement6SecretQuestion.java,88,"['cwe:117', 'cwe:20', 'owaspAsvs-4.0:5.1.3', 'owaspAsvs-4.0:5.1.4', 'owaspAsvs-4.0:7.3.1', 'owaspAsvs-4.0:7.3.2', 'owaspTop10-2021:a3', 'owaspTop10-2021:a9', 'owaspTop10:a1', 'owaspTop10:a10', 'stig-ASD_V5R3:V-222609']"
S5145,SecurityShepherd:src/main/java/servlets/module/challenge/SessionManagement6SecretQuestion.java,91,"['cwe:117', 'cwe:20', 'owaspAsvs-4.0:5.1.3', 'owaspAsvs-4.0:5.1.4', 'owaspAsvs-4.0:7.3.1', 'owaspAsvs-4.0:7.3.2', 'owaspTop10-2021:a3', 'owaspTop10-2021:a9', 'owaspTop10:a1', 'owaspTop10:a10', 'stig-ASD_V5R3:V-222609']"
S5145,SecurityShepherd:src/main/java/servlets/module/challenge/SessionManagement6SecretQuestion.java,210,"['cwe:117', 'cwe:20', 'owaspAsvs-4.0:5.1.3', 'owaspAsvs-4.0:5.1.4', 'owaspAsvs-4.0:7.3.1', 'owaspAsvs-4.0:7.3.2', 'owaspTop10-2021:a3', 'owaspTop10-2021:a9', 'owaspTop10:a1', 'owaspTop10:a10', 'stig-ASD_V5R3:V-222609']"
S5145,SecurityShepherd:src/main/java/servlets/module/challenge/SessionManagement7.java,112,"['cwe:117', 'cwe:20', 'owaspAsvs-4.0:5.1.3', 'owaspAsvs-4.0:5.1.4', 'owaspAsvs-4.0:7.3.1', 'owaspAsvs-4.0:7.3.2', 'owaspTop10-2021:a3', 'owaspTop10-2021:a9', 'owaspTop10:a1', 'owaspTop10:a10', 'stig-ASD_V5R3:V-222609']"
S5145,SecurityShepherd:src/main/java/servlets/module/challenge/SessionManagement7.java,113,"['cwe:117', 'cwe:20', 'owaspAsvs-4.0:5.1.3', 'owaspAsvs-4.0:5.1.4', 'owaspAsvs-4.0:7.3.1', 'owaspAsvs-4.0:7.3.2', 'owaspTop10-2021:a3', 'owaspTop10-2021:a9', 'owaspTop10:a1', 'owaspTop10:a10', 'stig-ASD_V5R3:V-222609']"
S5145,SecurityShepherd:src/main/java/servlets/module/challenge/SessionManagement7SecretQuestion.java,100,"['cwe:117', 'cwe:20', 'owaspAsvs-4.0:5.1.3', 'owaspAsvs-4.0:5.1.4', 'owaspAsvs-4.0:7.3.1', 'owaspAsvs-4.0:7.3.2', 'owaspTop10-2021:a3', 'owaspTop10-2021:a9', 'owaspTop10:a1', 'owaspTop10:a10', 'stig-ASD_V5R3:V-222609']"
S5145,SecurityShepherd:src/main/java/servlets/module/challenge/SessionManagement7SecretQuestion.java,103,"['cwe:117', 'cwe:20', 'owaspAsvs-4.0:5.1.3', 'owaspAsvs-4.0:5.1.4', 'owaspAsvs-4.0:7.3.1', 'owaspAsvs-4.0:7.3.2', 'owaspTop10-2021:a3', 'owaspTop10-2021:a9', 'owaspTop10:a1', 'owaspTop10:a10', 'stig-ASD_V5R3:V-222609']"
S5145,SecurityShepherd:src/main/java/servlets/module/challenge/SessionManagement8.java,133,"['cwe:117', 'cwe:20', 'owaspAsvs-4.0:5.1.3', 'owaspAsvs-4.0:5.1.4', 'owaspAsvs-4.0:7.3.1', 'owaspAsvs-4.0:7.3.2', 'owaspTop10-2021:a3', 'owaspTop10-2021:a9', 'owaspTop10:a1', 'owaspTop10:a10', 'stig-ASD_V5R3:V-222609']"
S5145,SecurityShepherd:src/main/java/servlets/module/challenge/SessionManagement8.java,134,"['cwe:117', 'cwe:20', 'owaspAsvs-4.0:5.1.3', 'owaspAsvs-4.0:5.1.4', 'owaspAsvs-4.0:7.3.1', 'owaspAsvs-4.0:7.3.2', 'owaspTop10-2021:a3', 'owaspTop10-2021:a9', 'owaspTop10:a1', 'owaspTop10:a10', 'stig-ASD_V5R3:V-222609']"
S5145,SecurityShepherd:src/main/java/servlets/module/challenge/SessionManagement8.java,135,"['cwe:117', 'cwe:20', 'owaspAsvs-4.0:5.1.3', 'owaspAsvs-4.0:5.1.4', 'owaspAsvs-4.0:7.3.1', 'owaspAsvs-4.0:7.3.2', 'owaspTop10-2021:a3', 'owaspTop10-2021:a9', 'owaspTop10:a1', 'owaspTop10:a10', 'stig-ASD_V5R3:V-222609']"
S5145,SecurityShepherd:src/main/java/servlets/module/challenge/SqlInjection1.java,82,"['cwe:117', 'cwe:20', 'owaspAsvs-4.0:5.1.3', 'owaspAsvs-4.0:5.1.4', 'owaspAsvs-4.0:7.3.1', 'owaspAsvs-4.0:7.3.2', 'owaspTop10-2021:a3', 'owaspTop10-2021:a9', 'owaspTop10:a1', 'owaspTop10:a10', 'stig-ASD_V5R3:V-222609']"
S5145,SecurityShepherd:src/main/java/servlets/module/challenge/SqlInjection3.java,83,"['cwe:117', 'cwe:20', 'owaspAsvs-4.0:5.1.3', 'owaspAsvs-4.0:5.1.4', 'owaspAsvs-4.0:7.3.1', 'owaspAsvs-4.0:7.3.2', 'owaspTop10-2021:a3', 'owaspTop10-2021:a9', 'owaspTop10:a1', 'owaspTop10:a10', 'stig-ASD_V5R3:V-222609']"
S5145,SecurityShepherd:src/main/java/servlets/module/challenge/SqlInjection4.java,82,"['cwe:117', 'cwe:20', 'owaspAsvs-4.0:5.1.3', 'owaspAsvs-4.0:5.1.4', 'owaspAsvs-4.0:7.3.1', 'owaspAsvs-4.0:7.3.2', 'owaspTop10-2021:a3', 'owaspTop10-2021:a9', 'owaspTop10:a1', 'owaspTop10:a10', 'stig-ASD_V5R3:V-222609']"
S5145,SecurityShepherd:src/main/java/servlets/module/challenge/SqlInjection4.java,84,"['cwe:117', 'cwe:20', 'owaspAsvs-4.0:5.1.3', 'owaspAsvs-4.0:5.1.4', 'owaspAsvs-4.0:7.3.1', 'owaspAsvs-4.0:7.3.2', 'owaspTop10-2021:a3', 'owaspTop10-2021:a9', 'owaspTop10:a1', 'owaspTop10:a10', 'stig-ASD_V5R3:V-222609']"
S5145,SecurityShepherd:src/main/java/servlets/module/challenge/SqlInjection4.java,86,"['cwe:117', 'cwe:20', 'owaspAsvs-4.0:5.1.3', 'owaspAsvs-4.0:5.1.4', 'owaspAsvs-4.0:7.3.1', 'owaspAsvs-4.0:7.3.2', 'owaspTop10-2021:a3', 'owaspTop10-2021:a9', 'owaspTop10:a1', 'owaspTop10:a10', 'stig-ASD_V5R3:V-222609']"
S5145,SecurityShepherd:src/main/java/servlets/module/challenge/SqlInjection4.java,88,"['cwe:117', 'cwe:20', 'owaspAsvs-4.0:5.1.3', 'owaspAsvs-4.0:5.1.4', 'owaspAsvs-4.0:7.3.1', 'owaspAsvs-4.0:7.3.2', 'owaspTop10-2021:a3', 'owaspTop10-2021:a9', 'owaspTop10:a1', 'owaspTop10:a10', 'stig-ASD_V5R3:V-222609']"
S5145,SecurityShepherd:src/main/java/servlets/module/challenge/SqlInjection5.java,82,"['cwe:117', 'cwe:20', 'owaspAsvs-4.0:5.1.3', 'owaspAsvs-4.0:5.1.4', 'owaspAsvs-4.0:7.3.1', 'owaspAsvs-4.0:7.3.2', 'owaspTop10-2021:a3', 'owaspTop10-2021:a9', 'owaspTop10:a1', 'owaspTop10:a10', 'stig-ASD_V5R3:V-222609']"
S5145,SecurityShepherd:src/main/java/servlets/module/challenge/SqlInjection5CouponCheck.java,70,"['cwe:117', 'cwe:20', 'owaspAsvs-4.0:5.1.3', 'owaspAsvs-4.0:5.1.4', 'owaspAsvs-4.0:7.3.1', 'owaspAsvs-4.0:7.3.2', 'owaspTop10-2021:a3', 'owaspTop10-2021:a9', 'owaspTop10:a1', 'owaspTop10:a10', 'stig-ASD_V5R3:V-222609']"
S5145,SecurityShepherd:src/main/java/servlets/module/challenge/SqlInjection5VipCheck.java,70,"['cwe:117', 'cwe:20', 'owaspAsvs-4.0:5.1.3', 'owaspAsvs-4.0:5.1.4', 'owaspAsvs-4.0:7.3.1', 'owaspAsvs-4.0:7.3.2', 'owaspTop10-2021:a3', 'owaspTop10-2021:a9', 'owaspTop10:a1', 'owaspTop10:a10', 'stig-ASD_V5R3:V-222609']"
S5145,SecurityShepherd:src/main/java/servlets/module/challenge/SqlInjection6.java,79,"['cwe:117', 'cwe:20', 'owaspAsvs-4.0:5.1.3', 'owaspAsvs-4.0:5.1.4', 'owaspAsvs-4.0:7.3.1', 'owaspAsvs-4.0:7.3.2', 'owaspTop10-2021:a3', 'owaspTop10-2021:a9', 'owaspTop10:a1', 'owaspTop10:a10', 'stig-ASD_V5R3:V-222609']"
S5145,SecurityShepherd:src/main/java/servlets/module/challenge/SqlInjection7.java,75,"['cwe:117', 'cwe:20', 'owaspAsvs-4.0:5.1.3', 'owaspAsvs-4.0:5.1.4', 'owaspAsvs-4.0:7.3.1', 'owaspAsvs-4.0:7.3.2', 'owaspTop10-2021:a3', 'owaspTop10-2021:a9', 'owaspTop10:a1', 'owaspTop10:a10', 'stig-ASD_V5R3:V-222609']"
S5145,SecurityShepherd:src/main/java/servlets/module/challenge/SqlInjectionEmail.java,80,"['cwe:117', 'cwe:20', 'owaspAsvs-4.0:5.1.3', 'owaspAsvs-4.0:5.1.4', 'owaspAsvs-4.0:7.3.1', 'owaspAsvs-4.0:7.3.2', 'owaspTop10-2021:a3', 'owaspTop10-2021:a9', 'owaspTop10:a1', 'owaspTop10:a10', 'stig-ASD_V5R3:V-222609']"
S5145,SecurityShepherd:src/main/java/servlets/module/challenge/SqlInjectionEmail.java,82,"['cwe:117', 'cwe:20', 'owaspAsvs-4.0:5.1.3', 'owaspAsvs-4.0:5.1.4', 'owaspAsvs-4.0:7.3.1', 'owaspAsvs-4.0:7.3.2', 'owaspTop10-2021:a3', 'owaspTop10-2021:a9', 'owaspTop10:a1', 'owaspTop10:a10', 'stig-ASD_V5R3:V-222609']"
S5145,SecurityShepherd:src/main/java/servlets/module/challenge/SqlInjectionEscaping.java,78,"['cwe:117', 'cwe:20', 'owaspAsvs-4.0:5.1.3', 'owaspAsvs-4.0:5.1.4', 'owaspAsvs-4.0:7.3.1', 'owaspAsvs-4.0:7.3.2', 'owaspTop10-2021:a3', 'owaspTop10-2021:a9', 'owaspTop10:a1', 'owaspTop10:a10', 'stig-ASD_V5R3:V-222609']"
S5145,SecurityShepherd:src/main/java/servlets/module/challenge/SqlInjectionStoredProcedure.java,74,"['cwe:117', 'cwe:20', 'owaspAsvs-4.0:5.1.3', 'owaspAsvs-4.0:5.1.4', 'owaspAsvs-4.0:7.3.1', 'owaspAsvs-4.0:7.3.2', 'owaspTop10-2021:a3', 'owaspTop10-2021:a9', 'owaspTop10:a1', 'owaspTop10:a10', 'stig-ASD_V5R3:V-222609']"
S5145,SecurityShepherd:src/main/java/servlets/module/challenge/UrlAccess3.java,134,"['cwe:117', 'cwe:20', 'owaspAsvs-4.0:5.1.3', 'owaspAsvs-4.0:5.1.4', 'owaspAsvs-4.0:7.3.1', 'owaspAsvs-4.0:7.3.2', 'owaspTop10-2021:a3', 'owaspTop10-2021:a9', 'owaspTop10:a1', 'owaspTop10:a10', 'stig-ASD_V5R3:V-222609']"
S5145,SecurityShepherd:src/main/java/servlets/module/challenge/UrlAccess3.java,135,"['cwe:117', 'cwe:20', 'owaspAsvs-4.0:5.1.3', 'owaspAsvs-4.0:5.1.4', 'owaspAsvs-4.0:7.3.1', 'owaspAsvs-4.0:7.3.2', 'owaspTop10-2021:a3', 'owaspTop10-2021:a9', 'owaspTop10:a1', 'owaspTop10:a10', 'stig-ASD_V5R3:V-222609']"
S5145,SecurityShepherd:src/main/java/servlets/module/challenge/XssChallengeFive.java,81,"['cwe:117', 'cwe:20', 'owaspAsvs-4.0:5.1.3', 'owaspAsvs-4.0:5.1.4', 'owaspAsvs-4.0:7.3.1', 'owaspAsvs-4.0:7.3.2', 'owaspTop10-2021:a3', 'owaspTop10-2021:a9', 'owaspTop10:a1', 'owaspTop10:a10', 'stig-ASD_V5R3:V-222609']"
S5145,SecurityShepherd:src/main/java/servlets/module/challenge/XssChallengeFour.java,81,"['cwe:117', 'cwe:20', 'owaspAsvs-4.0:5.1.3', 'owaspAsvs-4.0:5.1.4', 'owaspAsvs-4.0:7.3.1', 'owaspAsvs-4.0:7.3.2', 'owaspTop10-2021:a3', 'owaspTop10-2021:a9', 'owaspTop10:a1', 'owaspTop10:a10', 'stig-ASD_V5R3:V-222609']"
S5145,SecurityShepherd:src/main/java/servlets/module/challenge/XssChallengeOne.java,79,"['cwe:117', 'cwe:20', 'owaspAsvs-4.0:5.1.3', 'owaspAsvs-4.0:5.1.4', 'owaspAsvs-4.0:7.3.1', 'owaspAsvs-4.0:7.3.2', 'owaspTop10-2021:a3', 'owaspTop10-2021:a9', 'owaspTop10:a1', 'owaspTop10:a10', 'stig-ASD_V5R3:V-222609']"
S5145,SecurityShepherd:src/main/java/servlets/module/challenge/XssChallengeSix.java,81,"['cwe:117', 'cwe:20', 'owaspAsvs-4.0:5.1.3', 'owaspAsvs-4.0:5.1.4', 'owaspAsvs-4.0:7.3.1', 'owaspAsvs-4.0:7.3.2', 'owaspTop10-2021:a3', 'owaspTop10-2021:a9', 'owaspTop10:a1', 'owaspTop10:a10', 'stig-ASD_V5R3:V-222609']"
S5145,SecurityShepherd:src/main/java/servlets/module/challenge/XssChallengeThree.java,79,"['cwe:117', 'cwe:20', 'owaspAsvs-4.0:5.1.3', 'owaspAsvs-4.0:5.1.4', 'owaspAsvs-4.0:7.3.1', 'owaspAsvs-4.0:7.3.2', 'owaspTop10-2021:a3', 'owaspTop10-2021:a9', 'owaspTop10:a1', 'owaspTop10:a10', 'stig-ASD_V5R3:V-222609']"
S5145,SecurityShepherd:src/main/java/servlets/module/challenge/XssChallengeTwo.java,80,"['cwe:117', 'cwe:20', 'owaspAsvs-4.0:5.1.3', 'owaspAsvs-4.0:5.1.4', 'owaspAsvs-4.0:7.3.1', 'owaspAsvs-4.0:7.3.2', 'owaspTop10-2021:a3', 'owaspTop10-2021:a9', 'owaspTop10:a1', 'owaspTop10:a10', 'stig-ASD_V5R3:V-222609']"
S5145,SecurityShepherd:src/main/java/servlets/module/lesson/CsrfLesson.java,84,"['cwe:117', 'cwe:20', 'owaspAsvs-4.0:5.1.3', 'owaspAsvs-4.0:5.1.4', 'owaspAsvs-4.0:7.3.1', 'owaspAsvs-4.0:7.3.2', 'owaspTop10-2021:a3', 'owaspTop10-2021:a9', 'owaspTop10:a1', 'owaspTop10:a10', 'stig-ASD_V5R3:V-222609']"
S5145,SecurityShepherd:src/main/java/servlets/module/lesson/CsrfLesson.java,106,"['cwe:117', 'cwe:20', 'owaspAsvs-4.0:5.1.3', 'owaspAsvs-4.0:5.1.4', 'owaspAsvs-4.0:7.3.1', 'owaspAsvs-4.0:7.3.2', 'owaspTop10-2021:a3', 'owaspTop10-2021:a9', 'owaspTop10:a1', 'owaspTop10:a10', 'stig-ASD_V5R3:V-222609']"
S5145,SecurityShepherd:src/main/java/servlets/module/lesson/DirectObjectLesson.java,74,"['cwe:117', 'cwe:20', 'owaspAsvs-4.0:5.1.3', 'owaspAsvs-4.0:5.1.4', 'owaspAsvs-4.0:7.3.1', 'owaspAsvs-4.0:7.3.2', 'owaspTop10-2021:a3', 'owaspTop10-2021:a9', 'owaspTop10:a1', 'owaspTop10:a10', 'stig-ASD_V5R3:V-222609']"
S5145,SecurityShepherd:src/main/java/servlets/module/lesson/PoorValidationLesson.java,74,"['cwe:117', 'cwe:20', 'owaspAsvs-4.0:5.1.3', 'owaspAsvs-4.0:5.1.4', 'owaspAsvs-4.0:7.3.1', 'owaspAsvs-4.0:7.3.2', 'owaspTop10-2021:a3', 'owaspTop10-2021:a9', 'owaspTop10:a1', 'owaspTop10:a10', 'stig-ASD_V5R3:V-222609']"
S5145,SecurityShepherd:src/main/java/servlets/module/lesson/SecurityMisconfigLesson.java,70,"['cwe:117', 'cwe:20', 'owaspAsvs-4.0:5.1.3', 'owaspAsvs-4.0:5.1.4', 'owaspAsvs-4.0:7.3.1', 'owaspAsvs-4.0:7.3.2', 'owaspTop10-2021:a3', 'owaspTop10-2021:a9', 'owaspTop10:a1', 'owaspTop10:a10', 'stig-ASD_V5R3:V-222609']"
S5145,SecurityShepherd:src/main/java/servlets/module/lesson/SecurityMisconfigLesson.java,72,"['cwe:117', 'cwe:20', 'owaspAsvs-4.0:5.1.3', 'owaspAsvs-4.0:5.1.4', 'owaspAsvs-4.0:7.3.1', 'owaspAsvs-4.0:7.3.2', 'owaspTop10-2021:a3', 'owaspTop10-2021:a9', 'owaspTop10:a1', 'owaspTop10:a10', 'stig-ASD_V5R3:V-222609']"
S5145,SecurityShepherd:src/main/java/servlets/module/lesson/SqlInjectionLesson.java,76,"['cwe:117', 'cwe:20', 'owaspAsvs-4.0:5.1.3', 'owaspAsvs-4.0:5.1.4', 'owaspAsvs-4.0:7.3.1', 'owaspAsvs-4.0:7.3.2', 'owaspTop10-2021:a3', 'owaspTop10-2021:a9', 'owaspTop10:a1', 'owaspTop10:a10', 'stig-ASD_V5R3:V-222609']"
S5145,SecurityShepherd:src/main/java/servlets/module/lesson/UnvalidatedForwardsLesson.java,86,"['cwe:117', 'cwe:20', 'owaspAsvs-4.0:5.1.3', 'owaspAsvs-4.0:5.1.4', 'owaspAsvs-4.0:7.3.1', 'owaspAsvs-4.0:7.3.2', 'owaspTop10-2021:a3', 'owaspTop10-2021:a9', 'owaspTop10:a1', 'owaspTop10:a10', 'stig-ASD_V5R3:V-222609']"
S5145,SecurityShepherd:src/main/java/servlets/module/lesson/UnvalidatedForwardsLesson.java,151,"['cwe:117', 'cwe:20', 'owaspAsvs-4.0:5.1.3', 'owaspAsvs-4.0:5.1.4', 'owaspAsvs-4.0:7.3.1', 'owaspAsvs-4.0:7.3.2', 'owaspTop10-2021:a3', 'owaspTop10-2021:a9', 'owaspTop10:a1', 'owaspTop10:a10', 'stig-ASD_V5R3:V-222609']"
S5145,SecurityShepherd:src/main/java/servlets/module/lesson/XssLesson.java,78,"['cwe:117', 'cwe:20', 'owaspAsvs-4.0:5.1.3', 'owaspAsvs-4.0:5.1.4', 'owaspAsvs-4.0:7.3.1', 'owaspAsvs-4.0:7.3.2', 'owaspTop10-2021:a3', 'owaspTop10-2021:a9', 'owaspTop10:a1', 'owaspTop10:a10', 'stig-ASD_V5R3:V-222609']"
S5145,SecurityShepherd:src/main/java/servlets/module/lesson/XssLesson.java,96,"['cwe:117', 'cwe:20', 'owaspAsvs-4.0:5.1.3', 'owaspAsvs-4.0:5.1.4', 'owaspAsvs-4.0:7.3.1', 'owaspAsvs-4.0:7.3.2', 'owaspTop10-2021:a3', 'owaspTop10-2021:a9', 'owaspTop10:a1', 'owaspTop10:a10', 'stig-ASD_V5R3:V-222609']"
S5145,SecurityShepherd:src/main/java/utils/FindXSS.java,358,"['cwe:117', 'cwe:20', 'owaspAsvs-4.0:5.1.3', 'owaspAsvs-4.0:5.1.4', 'owaspAsvs-4.0:7.3.1', 'owaspAsvs-4.0:7.3.2', 'owaspTop10-2021:a3', 'owaspTop10-2021:a9', 'owaspTop10:a1', 'owaspTop10:a10', 'stig-ASD_V5R3:V-222609']"
S5145,SecurityShepherd:src/main/java/utils/Validate.java,200,"['cwe:117', 'cwe:20', 'owaspAsvs-4.0:5.1.3', 'owaspAsvs-4.0:5.1.4', 'owaspAsvs-4.0:7.3.1', 'owaspAsvs-4.0:7.3.2', 'owaspTop10-2021:a3', 'owaspTop10-2021:a9', 'owaspTop10:a1', 'owaspTop10:a10', 'stig-ASD_V5R3:V-222609']"
S5145,SecurityShepherd:src/main/java/utils/Validate.java,327,"['cwe:117', 'cwe:20', 'owaspAsvs-4.0:5.1.3', 'owaspAsvs-4.0:5.1.4', 'owaspAsvs-4.0:7.3.1', 'owaspAsvs-4.0:7.3.2', 'owaspTop10-2021:a3', 'owaspTop10-2021:a9', 'owaspTop10:a1', 'owaspTop10:a10', 'stig-ASD_V5R3:V-222609']"
S5145,SecurityShepherd:src/main/java/utils/Validate.java,373,"['cwe:117', 'cwe:20', 'owaspAsvs-4.0:5.1.3', 'owaspAsvs-4.0:5.1.4', 'owaspAsvs-4.0:7.3.1', 'owaspAsvs-4.0:7.3.2', 'owaspTop10-2021:a3', 'owaspTop10-2021:a9', 'owaspTop10:a1', 'owaspTop10:a10', 'stig-ASD_V5R3:V-222609']"
S5145,SecurityShepherd:src/main/java/utils/Validate.java,507,"['cwe:117', 'cwe:20', 'owaspAsvs-4.0:5.1.3', 'owaspAsvs-4.0:5.1.4', 'owaspAsvs-4.0:7.3.1', 'owaspAsvs-4.0:7.3.2', 'owaspTop10-2021:a3', 'owaspTop10-2021:a9', 'owaspTop10:a1', 'owaspTop10:a10', 'stig-ASD_V5R3:V-222609']"
S5147,SecurityShepherd:src/main/java/servlets/module/challenge/NoSqlInjection1.java,116,"['cwe:20', 'cwe:943', 'owaspAsvs-4.0:5.1.3', 'owaspAsvs-4.0:5.1.4', 'owaspAsvs-4.0:5.3.4', 'owaspTop10-2021:a3', 'owaspTop10:a1', 'pciDss-3.2:6.5.1', 'pciDss-4.0:6.2.4', 'stig-ASD_V5R3:V-222609']"
integer-overflow,SecurityShepherd:src/main/java/servlets/module/challenge/PoorValidation2.java,91,['cwe:190']
sql-like-injection,SecurityShepherd:src/main/java/servlets/module/challenge/CsrfChallengeSevenGetToken.java,89,['cwe:89']