Test Name,Category,Line,Real Vulnerability,Severity,Impacts,Security Standards
Getter.java,S5145,76,true,MINOR,"[{'softwareQuality': 'SECURITY', 'severity': 'LOW'}]","cwe:117, cwe:20, owaspAsvs-4.0:5.1.3, owaspAsvs-4.0:5.1.4, owaspAsvs-4.0:7.3.1, owaspAsvs-4.0:7.3.2, owaspTop10-2021:a3, owaspTop10-2021:a9, owaspTop10:a1, owaspTop10:a10, stig-ASD_V5R3:V-222609"
Getter.java,S5145,1891,true,MINOR,"[{'softwareQuality': 'SECURITY', 'severity': 'LOW'}]","cwe:117, cwe:20, owaspAsvs-4.0:5.1.3, owaspAsvs-4.0:5.1.4, owaspAsvs-4.0:7.3.1, owaspAsvs-4.0:7.3.2, owaspTop10-2021:a3, owaspTop10-2021:a9, owaspTop10:a1, owaspTop10:a10, stig-ASD_V5R3:V-222609"
Setter.java,S5145,462,true,MINOR,"[{'softwareQuality': 'SECURITY', 'severity': 'LOW'}]","cwe:117, cwe:20, owaspAsvs-4.0:5.1.3, owaspAsvs-4.0:5.1.4, owaspAsvs-4.0:7.3.1, owaspAsvs-4.0:7.3.2, owaspTop10-2021:a3, owaspTop10-2021:a9, owaspTop10:a1, owaspTop10:a10, stig-ASD_V5R3:V-222609"
Setter.java,S5145,587,true,MINOR,"[{'softwareQuality': 'SECURITY', 'severity': 'LOW'}]","cwe:117, cwe:20, owaspAsvs-4.0:5.1.3, owaspAsvs-4.0:5.1.4, owaspAsvs-4.0:7.3.1, owaspAsvs-4.0:7.3.2, owaspTop10-2021:a3, owaspTop10-2021:a9, owaspTop10:a1, owaspTop10:a10, stig-ASD_V5R3:V-222609"
Setter.java,S5145,617,true,MINOR,"[{'softwareQuality': 'SECURITY', 'severity': 'LOW'}]","cwe:117, cwe:20, owaspAsvs-4.0:5.1.3, owaspAsvs-4.0:5.1.4, owaspAsvs-4.0:7.3.1, owaspAsvs-4.0:7.3.2, owaspTop10-2021:a3, owaspTop10-2021:a9, owaspTop10:a1, owaspTop10:a10, stig-ASD_V5R3:V-222609"
Setter.java,S5145,735,true,MINOR,"[{'softwareQuality': 'SECURITY', 'severity': 'LOW'}]","cwe:117, cwe:20, owaspAsvs-4.0:5.1.3, owaspAsvs-4.0:5.1.4, owaspAsvs-4.0:7.3.1, owaspAsvs-4.0:7.3.2, owaspTop10-2021:a3, owaspTop10-2021:a9, owaspTop10:a1, owaspTop10:a10, stig-ASD_V5R3:V-222609"
Setter.java,S5145,1023,true,MINOR,"[{'softwareQuality': 'SECURITY', 'severity': 'LOW'}]","cwe:117, cwe:20, owaspAsvs-4.0:5.1.3, owaspAsvs-4.0:5.1.4, owaspAsvs-4.0:7.3.1, owaspAsvs-4.0:7.3.2, owaspTop10-2021:a3, owaspTop10-2021:a9, owaspTop10:a1, owaspTop10:a10, stig-ASD_V5R3:V-222609"
Setter.java,S5145,1024,true,MINOR,"[{'softwareQuality': 'SECURITY', 'severity': 'LOW'}]","cwe:117, cwe:20, owaspAsvs-4.0:5.1.3, owaspAsvs-4.0:5.1.4, owaspAsvs-4.0:7.3.1, owaspAsvs-4.0:7.3.2, owaspTop10-2021:a3, owaspTop10-2021:a9, owaspTop10:a1, owaspTop10:a10, stig-ASD_V5R3:V-222609"
Setter.java,S5145,1027,true,MINOR,"[{'softwareQuality': 'SECURITY', 'severity': 'LOW'}]","cwe:117, cwe:20, owaspAsvs-4.0:5.1.3, owaspAsvs-4.0:5.1.4, owaspAsvs-4.0:7.3.1, owaspAsvs-4.0:7.3.2, owaspTop10-2021:a3, owaspTop10-2021:a9, owaspTop10:a1, owaspTop10:a10, stig-ASD_V5R3:V-222609"
Setter.java,S5145,1177,true,MINOR,"[{'softwareQuality': 'SECURITY', 'severity': 'LOW'}]","cwe:117, cwe:20, owaspAsvs-4.0:5.1.3, owaspAsvs-4.0:5.1.4, owaspAsvs-4.0:7.3.1, owaspAsvs-4.0:7.3.2, owaspTop10-2021:a3, owaspTop10-2021:a9, owaspTop10:a1, owaspTop10:a10, stig-ASD_V5R3:V-222609"
Setter.java,S5145,1547,true,MINOR,"[{'softwareQuality': 'SECURITY', 'severity': 'LOW'}]","cwe:117, cwe:20, owaspAsvs-4.0:5.1.3, owaspAsvs-4.0:5.1.4, owaspAsvs-4.0:7.3.1, owaspAsvs-4.0:7.3.2, owaspTop10-2021:a3, owaspTop10-2021:a9, owaspTop10:a1, owaspTop10:a10, stig-ASD_V5R3:V-222609"
ACS.java,S1989,55,true,MINOR,"[{'softwareQuality': 'SECURITY', 'severity': 'LOW'}]","cwe:600, owaspTop10:a3"
ACS.java,S1989,62,true,MINOR,"[{'softwareQuality': 'SECURITY', 'severity': 'LOW'}]","cwe:600, owaspTop10:a3"
ACS.java,S1989,81,true,MINOR,"[{'softwareQuality': 'SECURITY', 'severity': 'LOW'}]","cwe:600, owaspTop10:a3"
ACS.java,S1989,83,true,MINOR,"[{'softwareQuality': 'SECURITY', 'severity': 'LOW'}]","cwe:600, owaspTop10:a3"
ACS.java,S1989,89,true,MINOR,"[{'softwareQuality': 'SECURITY', 'severity': 'LOW'}]","cwe:600, owaspTop10:a3"
ACS.java,S1989,99,true,MINOR,"[{'softwareQuality': 'SECURITY', 'severity': 'LOW'}]","cwe:600, owaspTop10:a3"
ACS.java,S1989,217,true,MINOR,"[{'softwareQuality': 'SECURITY', 'severity': 'LOW'}]","cwe:600, owaspTop10:a3"
ACS.java,S1989,224,true,MINOR,"[{'softwareQuality': 'SECURITY', 'severity': 'LOW'}]","cwe:600, owaspTop10:a3"
ACS.java,S1989,233,true,MINOR,"[{'softwareQuality': 'SECURITY', 'severity': 'LOW'}]","cwe:600, owaspTop10:a3"
ACS.java,S1989,278,true,MINOR,"[{'softwareQuality': 'SECURITY', 'severity': 'LOW'}]","cwe:600, owaspTop10:a3"
ACS.java,S1989,295,true,MINOR,"[{'softwareQuality': 'SECURITY', 'severity': 'LOW'}]","cwe:600, owaspTop10:a3"
ACS.java,S1989,307,true,MINOR,"[{'softwareQuality': 'SECURITY', 'severity': 'LOW'}]","cwe:600, owaspTop10:a3"
ChangePassword.java,S1989,130,true,MINOR,"[{'softwareQuality': 'SECURITY', 'severity': 'LOW'}]","cwe:600, owaspTop10:a3"
ChangePassword.java,S1989,136,true,MINOR,"[{'softwareQuality': 'SECURITY', 'severity': 'LOW'}]","cwe:600, owaspTop10:a3"
ChangeUsername.java,S1989,53,true,MINOR,"[{'softwareQuality': 'SECURITY', 'severity': 'LOW'}]","cwe:600, owaspTop10:a3"
ChangeUsername.java,S5145,70,true,MINOR,"[{'softwareQuality': 'SECURITY', 'severity': 'LOW'}]","cwe:117, cwe:20, owaspAsvs-4.0:5.1.3, owaspAsvs-4.0:5.1.4, owaspAsvs-4.0:7.3.1, owaspAsvs-4.0:7.3.2, owaspTop10-2021:a3, owaspTop10-2021:a9, owaspTop10:a1, owaspTop10:a10, stig-ASD_V5R3:V-222609"
ChangeUsername.java,S1989,82,true,MINOR,"[{'softwareQuality': 'SECURITY', 'severity': 'LOW'}]","cwe:600, owaspTop10:a3"
ChangeUsername.java,S1989,88,true,MINOR,"[{'softwareQuality': 'SECURITY', 'severity': 'LOW'}]","cwe:600, owaspTop10:a3"
ChangeUsername.java,S1989,95,true,MINOR,"[{'softwareQuality': 'SECURITY', 'severity': 'LOW'}]","cwe:600, owaspTop10:a3"
GetJsonScore.java,S1989,55,true,MINOR,"[{'softwareQuality': 'SECURITY', 'severity': 'LOW'}]","cwe:600, owaspTop10:a3"
GetJsonScore.java,S1989,57,true,MINOR,"[{'softwareQuality': 'SECURITY', 'severity': 'LOW'}]","cwe:600, owaspTop10:a3"
GetJsonScore.java,S1989,114,true,MINOR,"[{'softwareQuality': 'SECURITY', 'severity': 'LOW'}]","cwe:600, owaspTop10:a3"
Login.java,S1989,58,true,MINOR,"[{'softwareQuality': 'SECURITY', 'severity': 'LOW'}]","cwe:600, owaspTop10:a3"
Login.java,S1989,133,true,MINOR,"[{'softwareQuality': 'SECURITY', 'severity': 'LOW'}]","cwe:600, owaspTop10:a3"
Login.java,S1989,152,true,MINOR,"[{'softwareQuality': 'SECURITY', 'severity': 'LOW'}]","cwe:600, owaspTop10:a3"
Logout.java,S1989,53,true,MINOR,"[{'softwareQuality': 'SECURITY', 'severity': 'LOW'}]","cwe:600, owaspTop10:a3"
Logout.java,S1989,86,true,MINOR,"[{'softwareQuality': 'SECURITY', 'severity': 'LOW'}]","cwe:600, owaspTop10:a3"
Logout.java,S1989,88,true,MINOR,"[{'softwareQuality': 'SECURITY', 'severity': 'LOW'}]","cwe:600, owaspTop10:a3"
Logout.java,S1989,112,true,MINOR,"[{'softwareQuality': 'SECURITY', 'severity': 'LOW'}]","cwe:600, owaspTop10:a3"
Logout.java,S1989,120,true,MINOR,"[{'softwareQuality': 'SECURITY', 'severity': 'LOW'}]","cwe:600, owaspTop10:a3"
Logout.java,S1989,125,true,MINOR,"[{'softwareQuality': 'SECURITY', 'severity': 'LOW'}]","cwe:600, owaspTop10:a3"
Logout.java,S1989,130,true,MINOR,"[{'softwareQuality': 'SECURITY', 'severity': 'LOW'}]","cwe:600, owaspTop10:a3"
Logout.java,S1989,134,true,MINOR,"[{'softwareQuality': 'SECURITY', 'severity': 'LOW'}]","cwe:600, owaspTop10:a3"
MobileLogin.java,S1989,59,true,MINOR,"[{'softwareQuality': 'SECURITY', 'severity': 'LOW'}]","cwe:600, owaspTop10:a3"
MobileLogin.java,S1989,61,true,MINOR,"[{'softwareQuality': 'SECURITY', 'severity': 'LOW'}]","cwe:600, owaspTop10:a3"
MobileLogin.java,S5145,66,true,MINOR,"[{'softwareQuality': 'SECURITY', 'severity': 'LOW'}]","cwe:117, cwe:20, owaspAsvs-4.0:5.1.3, owaspAsvs-4.0:5.1.4, owaspAsvs-4.0:7.3.1, owaspAsvs-4.0:7.3.2, owaspTop10-2021:a3, owaspTop10-2021:a9, owaspTop10:a1, owaspTop10:a10, stig-ASD_V5R3:V-222609"
MobileLogin.java,S1989,115,true,MINOR,"[{'softwareQuality': 'SECURITY', 'severity': 'LOW'}]","cwe:600, owaspTop10:a3"
MobileLogin.java,S1989,116,true,MINOR,"[{'softwareQuality': 'SECURITY', 'severity': 'LOW'}]","cwe:600, owaspTop10:a3"
MobileLogin.java,S1989,139,true,MINOR,"[{'softwareQuality': 'SECURITY', 'severity': 'LOW'}]","cwe:600, owaspTop10:a3"
Register.java,S1989,62,true,MINOR,"[{'softwareQuality': 'SECURITY', 'severity': 'LOW'}]","cwe:600, owaspTop10:a3"
Register.java,S1989,64,true,MINOR,"[{'softwareQuality': 'SECURITY', 'severity': 'LOW'}]","cwe:600, owaspTop10:a3"
Register.java,S5145,86,true,MINOR,"[{'softwareQuality': 'SECURITY', 'severity': 'LOW'}]","cwe:117, cwe:20, owaspAsvs-4.0:5.1.3, owaspAsvs-4.0:5.1.4, owaspAsvs-4.0:7.3.1, owaspAsvs-4.0:7.3.2, owaspTop10-2021:a3, owaspTop10-2021:a9, owaspTop10:a1, owaspTop10:a10, stig-ASD_V5R3:V-222609"
Register.java,S5145,92,true,MINOR,"[{'softwareQuality': 'SECURITY', 'severity': 'LOW'}]","cwe:117, cwe:20, owaspAsvs-4.0:5.1.3, owaspAsvs-4.0:5.1.4, owaspAsvs-4.0:7.3.1, owaspAsvs-4.0:7.3.2, owaspTop10-2021:a3, owaspTop10-2021:a9, owaspTop10:a1, owaspTop10:a10, stig-ASD_V5R3:V-222609"
Register.java,S5145,94,true,MINOR,"[{'softwareQuality': 'SECURITY', 'severity': 'LOW'}]","cwe:117, cwe:20, owaspAsvs-4.0:5.1.3, owaspAsvs-4.0:5.1.4, owaspAsvs-4.0:7.3.1, owaspAsvs-4.0:7.3.2, owaspTop10-2021:a3, owaspTop10-2021:a9, owaspTop10:a1, owaspTop10:a10, stig-ASD_V5R3:V-222609"
Register.java,S1989,124,true,MINOR,"[{'softwareQuality': 'SECURITY', 'severity': 'LOW'}]","cwe:600, owaspTop10:a3"
Register.java,S1989,129,true,MINOR,"[{'softwareQuality': 'SECURITY', 'severity': 'LOW'}]","cwe:600, owaspTop10:a3"
Register.java,S1989,134,true,MINOR,"[{'softwareQuality': 'SECURITY', 'severity': 'LOW'}]","cwe:600, owaspTop10:a3"
Register.java,S1989,137,true,MINOR,"[{'softwareQuality': 'SECURITY', 'severity': 'LOW'}]","cwe:600, owaspTop10:a3"
Register.java,S1989,153,true,MINOR,"[{'softwareQuality': 'SECURITY', 'severity': 'LOW'}]","cwe:600, owaspTop10:a3"
Register.java,S5145,156,true,MINOR,"[{'softwareQuality': 'SECURITY', 'severity': 'LOW'}]","cwe:117, cwe:20, owaspAsvs-4.0:5.1.3, owaspAsvs-4.0:5.1.4, owaspAsvs-4.0:7.3.1, owaspAsvs-4.0:7.3.2, owaspTop10-2021:a3, owaspTop10-2021:a9, owaspTop10:a1, owaspTop10:a10, stig-ASD_V5R3:V-222609"
Register.java,S1989,162,true,MINOR,"[{'softwareQuality': 'SECURITY', 'severity': 'LOW'}]","cwe:600, owaspTop10:a3"
Register.java,S1989,173,true,MINOR,"[{'softwareQuality': 'SECURITY', 'severity': 'LOW'}]","cwe:600, owaspTop10:a3"
SSOLogin.java,S1989,42,true,MINOR,"[{'softwareQuality': 'SECURITY', 'severity': 'LOW'}]","cwe:600, owaspTop10:a3"
SSOLogin.java,S1989,49,true,MINOR,"[{'softwareQuality': 'SECURITY', 'severity': 'LOW'}]","cwe:600, owaspTop10:a3"
SSOLogin.java,S1989,53,true,MINOR,"[{'softwareQuality': 'SECURITY', 'severity': 'LOW'}]","cwe:600, owaspTop10:a3"
SSOLogin.java,S1989,56,true,MINOR,"[{'softwareQuality': 'SECURITY', 'severity': 'LOW'}]","cwe:600, owaspTop10:a3"
SSOMetadata.java,S1989,43,true,MINOR,"[{'softwareQuality': 'SECURITY', 'severity': 'LOW'}]","cwe:600, owaspTop10:a3"
SSOMetadata.java,S1989,73,true,MINOR,"[{'softwareQuality': 'SECURITY', 'severity': 'LOW'}]","cwe:600, owaspTop10:a3"
Setup.java,S1989,52,true,MINOR,"[{'softwareQuality': 'SECURITY', 'severity': 'LOW'}]","cwe:600, owaspTop10:a3"
Setup.java,S1989,55,true,MINOR,"[{'softwareQuality': 'SECURITY', 'severity': 'LOW'}]","cwe:600, owaspTop10:a3"
Setup.java,S1989,148,true,MINOR,"[{'softwareQuality': 'SECURITY', 'severity': 'LOW'}]","cwe:600, owaspTop10:a3"
Setup.java,S1989,155,true,MINOR,"[{'softwareQuality': 'SECURITY', 'severity': 'LOW'}]","cwe:600, owaspTop10:a3"
Setup.java,S1989,182,true,MINOR,"[{'softwareQuality': 'SECURITY', 'severity': 'LOW'}]","cwe:600, owaspTop10:a3"
Setup.java,S1989,263,true,MINOR,"[{'softwareQuality': 'SECURITY', 'severity': 'LOW'}]","cwe:600, owaspTop10:a3"
Setup.java,S1989,269,true,MINOR,"[{'softwareQuality': 'SECURITY', 'severity': 'LOW'}]","cwe:600, owaspTop10:a3"
Setup.java,S1989,295,true,MINOR,"[{'softwareQuality': 'SECURITY', 'severity': 'LOW'}]","cwe:600, owaspTop10:a3"
ChangeCoreDatabase.java,S1989,53,true,MINOR,"[{'softwareQuality': 'SECURITY', 'severity': 'LOW'}]","cwe:600, owaspTop10:a3"
ChangeCoreDatabase.java,S5145,72,true,MINOR,"[{'softwareQuality': 'SECURITY', 'severity': 'LOW'}]","cwe:117, cwe:20, owaspAsvs-4.0:5.1.3, owaspAsvs-4.0:5.1.4, owaspAsvs-4.0:7.3.1, owaspAsvs-4.0:7.3.2, owaspTop10-2021:a3, owaspTop10-2021:a9, owaspTop10:a1, owaspTop10:a10, stig-ASD_V5R3:V-222609"
ChangeCoreDatabase.java,S5145,75,true,MINOR,"[{'softwareQuality': 'SECURITY', 'severity': 'LOW'}]","cwe:117, cwe:20, owaspAsvs-4.0:5.1.3, owaspAsvs-4.0:5.1.4, owaspAsvs-4.0:7.3.1, owaspAsvs-4.0:7.3.2, owaspTop10-2021:a3, owaspTop10-2021:a9, owaspTop10:a1, owaspTop10:a10, stig-ASD_V5R3:V-222609"
DisableCheats.java,S1989,51,true,MINOR,"[{'softwareQuality': 'SECURITY', 'severity': 'LOW'}]","cwe:600, owaspTop10:a3"
DisableFeedback.java,S1989,52,true,MINOR,"[{'softwareQuality': 'SECURITY', 'severity': 'LOW'}]","cwe:600, owaspTop10:a3"
DisableScoreboard.java,S1989,53,true,MINOR,"[{'softwareQuality': 'SECURITY', 'severity': 'LOW'}]","cwe:600, owaspTop10:a3"
EnableCheats.java,S1989,51,true,MINOR,"[{'softwareQuality': 'SECURITY', 'severity': 'LOW'}]","cwe:600, owaspTop10:a3"
EnableFeedback.java,S1989,52,true,MINOR,"[{'softwareQuality': 'SECURITY', 'severity': 'LOW'}]","cwe:600, owaspTop10:a3"
EnableScoreboard.java,S1989,52,true,MINOR,"[{'softwareQuality': 'SECURITY', 'severity': 'LOW'}]","cwe:600, owaspTop10:a3"
EnableScoreboard.java,S5145,71,true,MINOR,"[{'softwareQuality': 'SECURITY', 'severity': 'LOW'}]","cwe:117, cwe:20, owaspAsvs-4.0:5.1.3, owaspAsvs-4.0:5.1.4, owaspAsvs-4.0:7.3.1, owaspAsvs-4.0:7.3.2, owaspTop10-2021:a3, owaspTop10-2021:a9, owaspTop10:a1, owaspTop10:a10, stig-ASD_V5R3:V-222609"
SetCountdown.java,S1989,53,true,MINOR,"[{'softwareQuality': 'SECURITY', 'severity': 'LOW'}]","cwe:600, owaspTop10:a3"
SetCtfMode.java,S1989,52,true,MINOR,"[{'softwareQuality': 'SECURITY', 'severity': 'LOW'}]","cwe:600, owaspTop10:a3"
SetOpenFloorMode.java,S1989,52,true,MINOR,"[{'softwareQuality': 'SECURITY', 'severity': 'LOW'}]","cwe:600, owaspTop10:a3"
SetTournamentMode.java,S1989,51,true,MINOR,"[{'softwareQuality': 'SECURITY', 'severity': 'LOW'}]","cwe:600, owaspTop10:a3"
ToggleRegistration.java,S1989,52,true,MINOR,"[{'softwareQuality': 'SECURITY', 'severity': 'LOW'}]","cwe:600, owaspTop10:a3"
CloseAllModules.java,S1989,33,true,MINOR,"[{'softwareQuality': 'SECURITY', 'severity': 'LOW'}]","cwe:600, owaspTop10:a3"
EnableModuleBlock.java,S1989,53,true,MINOR,"[{'softwareQuality': 'SECURITY', 'severity': 'LOW'}]","cwe:600, owaspTop10:a3"
EnableModuleBlock.java,S5145,72,true,MINOR,"[{'softwareQuality': 'SECURITY', 'severity': 'LOW'}]","cwe:117, cwe:20, owaspAsvs-4.0:5.1.3, owaspAsvs-4.0:5.1.4, owaspAsvs-4.0:7.3.1, owaspAsvs-4.0:7.3.2, owaspTop10-2021:a3, owaspTop10-2021:a9, owaspTop10:a1, owaspTop10:a10, stig-ASD_V5R3:V-222609"
EnableModuleBlock.java,S5145,83,true,MINOR,"[{'softwareQuality': 'SECURITY', 'severity': 'LOW'}]","cwe:117, cwe:20, owaspAsvs-4.0:5.1.3, owaspAsvs-4.0:5.1.4, owaspAsvs-4.0:7.3.1, owaspAsvs-4.0:7.3.2, owaspTop10-2021:a3, owaspTop10-2021:a9, owaspTop10:a1, owaspTop10:a10, stig-ASD_V5R3:V-222609"
GetFeedback.java,S1989,52,true,MINOR,"[{'softwareQuality': 'SECURITY', 'severity': 'LOW'}]","cwe:600, owaspTop10:a3"
GetFeedback.java,S1989,53,true,MINOR,"[{'softwareQuality': 'SECURITY', 'severity': 'LOW'}]","cwe:600, owaspTop10:a3"
GetFeedback.java,S5145,65,true,MINOR,"[{'softwareQuality': 'SECURITY', 'severity': 'LOW'}]","cwe:117, cwe:20, owaspAsvs-4.0:5.1.3, owaspAsvs-4.0:5.1.4, owaspAsvs-4.0:7.3.1, owaspAsvs-4.0:7.3.2, owaspTop10-2021:a3, owaspTop10-2021:a9, owaspTop10:a1, owaspTop10:a10, stig-ASD_V5R3:V-222609"
GetJsonProgress.java,S1989,56,true,MINOR,"[{'softwareQuality': 'SECURITY', 'severity': 'LOW'}]","cwe:600, owaspTop10:a3"
GetJsonProgress.java,S5145,68,true,MINOR,"[{'softwareQuality': 'SECURITY', 'severity': 'LOW'}]","cwe:117, cwe:20, owaspAsvs-4.0:5.1.3, owaspAsvs-4.0:5.1.4, owaspAsvs-4.0:7.3.1, owaspAsvs-4.0:7.3.2, owaspTop10-2021:a3, owaspTop10-2021:a9, owaspTop10:a1, owaspTop10:a10, stig-ASD_V5R3:V-222609"
GetProgress.java,S1989,52,true,MINOR,"[{'softwareQuality': 'SECURITY', 'severity': 'LOW'}]","cwe:600, owaspTop10:a3"
GetProgress.java,S1989,53,true,MINOR,"[{'softwareQuality': 'SECURITY', 'severity': 'LOW'}]","cwe:600, owaspTop10:a3"
GetProgress.java,S5145,65,true,MINOR,"[{'softwareQuality': 'SECURITY', 'severity': 'LOW'}]","cwe:117, cwe:20, owaspAsvs-4.0:5.1.3, owaspAsvs-4.0:5.1.4, owaspAsvs-4.0:7.3.1, owaspAsvs-4.0:7.3.2, owaspTop10-2021:a3, owaspTop10-2021:a9, owaspTop10:a1, owaspTop10:a10, stig-ASD_V5R3:V-222609"
OpenAllModules.java,S1989,39,true,MINOR,"[{'softwareQuality': 'SECURITY', 'severity': 'LOW'}]","cwe:600, owaspTop10:a3"
OpenAllModules.java,S5145,49,true,MINOR,"[{'softwareQuality': 'SECURITY', 'severity': 'LOW'}]","cwe:117, cwe:20, owaspAsvs-4.0:5.1.3, owaspAsvs-4.0:5.1.4, owaspAsvs-4.0:7.3.1, owaspAsvs-4.0:7.3.2, owaspTop10-2021:a3, owaspTop10-2021:a9, owaspTop10:a1, owaspTop10:a10, stig-ASD_V5R3:V-222609"
OpenMobileModules.java,S1989,33,true,MINOR,"[{'softwareQuality': 'SECURITY', 'severity': 'LOW'}]","cwe:600, owaspTop10:a3"
OpenOrCloseByCategory.java,S1989,36,true,MINOR,"[{'softwareQuality': 'SECURITY', 'severity': 'LOW'}]","cwe:600, owaspTop10:a3"
OpenOrCloseByCategory.java,S5145,60,true,MINOR,"[{'softwareQuality': 'SECURITY', 'severity': 'LOW'}]","cwe:117, cwe:20, owaspAsvs-4.0:5.1.3, owaspAsvs-4.0:5.1.4, owaspAsvs-4.0:7.3.1, owaspAsvs-4.0:7.3.2, owaspTop10-2021:a3, owaspTop10-2021:a9, owaspTop10:a1, owaspTop10:a10, stig-ASD_V5R3:V-222609"
OpenWebModules.java,S1989,37,true,MINOR,"[{'softwareQuality': 'SECURITY', 'severity': 'LOW'}]","cwe:600, owaspTop10:a3"
OpenWebModules.java,S5145,53,true,MINOR,"[{'softwareQuality': 'SECURITY', 'severity': 'LOW'}]","cwe:117, cwe:20, owaspAsvs-4.0:5.1.3, owaspAsvs-4.0:5.1.4, owaspAsvs-4.0:7.3.1, owaspAsvs-4.0:7.3.2, owaspTop10-2021:a3, owaspTop10-2021:a9, owaspTop10:a1, owaspTop10:a10, stig-ASD_V5R3:V-222609"
RemoveModuleLock.java,S1989,49,true,MINOR,"[{'softwareQuality': 'SECURITY', 'severity': 'LOW'}]","cwe:600, owaspTop10:a3"
SetModuleStatus.java,S1989,34,true,MINOR,"[{'softwareQuality': 'SECURITY', 'severity': 'LOW'}]","cwe:600, owaspTop10:a3"
SetModuleStatus.java,S5145,50,true,MINOR,"[{'softwareQuality': 'SECURITY', 'severity': 'LOW'}]","cwe:117, cwe:20, owaspAsvs-4.0:5.1.3, owaspAsvs-4.0:5.1.4, owaspAsvs-4.0:7.3.1, owaspAsvs-4.0:7.3.2, owaspTop10-2021:a3, owaspTop10-2021:a9, owaspTop10:a1, owaspTop10:a10, stig-ASD_V5R3:V-222609"
SetModuleStatus.java,S5145,62,true,MINOR,"[{'softwareQuality': 'SECURITY', 'severity': 'LOW'}]","cwe:117, cwe:20, owaspAsvs-4.0:5.1.3, owaspAsvs-4.0:5.1.4, owaspAsvs-4.0:7.3.1, owaspAsvs-4.0:7.3.2, owaspTop10-2021:a3, owaspTop10-2021:a9, owaspTop10:a1, owaspTop10:a10, stig-ASD_V5R3:V-222609"
AddPlayer.java,S1989,60,true,MINOR,"[{'softwareQuality': 'SECURITY', 'severity': 'LOW'}]","cwe:600, owaspTop10:a3"
AddPlayer.java,S1989,62,true,MINOR,"[{'softwareQuality': 'SECURITY', 'severity': 'LOW'}]","cwe:600, owaspTop10:a3"
AddPlayer.java,S5145,85,true,MINOR,"[{'softwareQuality': 'SECURITY', 'severity': 'LOW'}]","cwe:117, cwe:20, owaspAsvs-4.0:5.1.3, owaspAsvs-4.0:5.1.4, owaspAsvs-4.0:7.3.1, owaspAsvs-4.0:7.3.2, owaspTop10-2021:a3, owaspTop10-2021:a9, owaspTop10:a1, owaspTop10:a10, stig-ASD_V5R3:V-222609"
AddPlayer.java,S5145,87,true,MINOR,"[{'softwareQuality': 'SECURITY', 'severity': 'LOW'}]","cwe:117, cwe:20, owaspAsvs-4.0:5.1.3, owaspAsvs-4.0:5.1.4, owaspAsvs-4.0:7.3.1, owaspAsvs-4.0:7.3.2, owaspTop10-2021:a3, owaspTop10-2021:a9, owaspTop10:a1, owaspTop10:a10, stig-ASD_V5R3:V-222609"
AddPlayer.java,S5145,93,true,MINOR,"[{'softwareQuality': 'SECURITY', 'severity': 'LOW'}]","cwe:117, cwe:20, owaspAsvs-4.0:5.1.3, owaspAsvs-4.0:5.1.4, owaspAsvs-4.0:7.3.1, owaspAsvs-4.0:7.3.2, owaspTop10-2021:a3, owaspTop10-2021:a9, owaspTop10:a1, owaspTop10:a10, stig-ASD_V5R3:V-222609"
AddPlayer.java,S5145,96,true,MINOR,"[{'softwareQuality': 'SECURITY', 'severity': 'LOW'}]","cwe:117, cwe:20, owaspAsvs-4.0:5.1.3, owaspAsvs-4.0:5.1.4, owaspAsvs-4.0:7.3.1, owaspAsvs-4.0:7.3.2, owaspTop10-2021:a3, owaspTop10-2021:a9, owaspTop10:a1, owaspTop10:a10, stig-ASD_V5R3:V-222609"
AssignPlayers.java,S1989,55,true,MINOR,"[{'softwareQuality': 'SECURITY', 'severity': 'LOW'}]","cwe:600, owaspTop10:a3"
AssignPlayers.java,S1989,58,true,MINOR,"[{'softwareQuality': 'SECURITY', 'severity': 'LOW'}]","cwe:600, owaspTop10:a3"
AssignPlayers.java,S5145,78,true,MINOR,"[{'softwareQuality': 'SECURITY', 'severity': 'LOW'}]","cwe:117, cwe:20, owaspAsvs-4.0:5.1.3, owaspAsvs-4.0:5.1.4, owaspAsvs-4.0:7.3.1, owaspAsvs-4.0:7.3.2, owaspTop10-2021:a3, owaspTop10-2021:a9, owaspTop10:a1, owaspTop10:a10, stig-ASD_V5R3:V-222609"
AssignPlayers.java,S5145,81,true,MINOR,"[{'softwareQuality': 'SECURITY', 'severity': 'LOW'}]","cwe:117, cwe:20, owaspAsvs-4.0:5.1.3, owaspAsvs-4.0:5.1.4, owaspAsvs-4.0:7.3.1, owaspAsvs-4.0:7.3.2, owaspTop10-2021:a3, owaspTop10-2021:a9, owaspTop10:a1, owaspTop10:a10, stig-ASD_V5R3:V-222609"
AssignPlayers.java,S5145,102,true,MINOR,"[{'softwareQuality': 'SECURITY', 'severity': 'LOW'}]","cwe:117, cwe:20, owaspAsvs-4.0:5.1.3, owaspAsvs-4.0:5.1.4, owaspAsvs-4.0:7.3.1, owaspAsvs-4.0:7.3.2, owaspTop10-2021:a3, owaspTop10-2021:a9, owaspTop10:a1, owaspTop10:a10, stig-ASD_V5R3:V-222609"
ChangeUserPassword.java,S1989,49,true,MINOR,"[{'softwareQuality': 'SECURITY', 'severity': 'LOW'}]","cwe:600, owaspTop10:a3"
ChangeUserPassword.java,S1989,51,true,MINOR,"[{'softwareQuality': 'SECURITY', 'severity': 'LOW'}]","cwe:600, owaspTop10:a3"
ChangeUserPassword.java,S5145,69,true,MINOR,"[{'softwareQuality': 'SECURITY', 'severity': 'LOW'}]","cwe:117, cwe:20, owaspAsvs-4.0:5.1.3, owaspAsvs-4.0:5.1.4, owaspAsvs-4.0:7.3.1, owaspAsvs-4.0:7.3.2, owaspTop10-2021:a3, owaspTop10-2021:a9, owaspTop10:a1, owaspTop10:a10, stig-ASD_V5R3:V-222609"
ChangeUserPassword.java,S5145,71,true,MINOR,"[{'softwareQuality': 'SECURITY', 'severity': 'LOW'}]","cwe:117, cwe:20, owaspAsvs-4.0:5.1.3, owaspAsvs-4.0:5.1.4, owaspAsvs-4.0:7.3.1, owaspAsvs-4.0:7.3.2, owaspTop10-2021:a3, owaspTop10-2021:a9, owaspTop10:a1, owaspTop10:a10, stig-ASD_V5R3:V-222609"
CreateClass.java,S1989,56,true,MINOR,"[{'softwareQuality': 'SECURITY', 'severity': 'LOW'}]","cwe:600, owaspTop10:a3"
CreateClass.java,S1989,58,true,MINOR,"[{'softwareQuality': 'SECURITY', 'severity': 'LOW'}]","cwe:600, owaspTop10:a3"
CreateClass.java,S5145,79,true,MINOR,"[{'softwareQuality': 'SECURITY', 'severity': 'LOW'}]","cwe:117, cwe:20, owaspAsvs-4.0:5.1.3, owaspAsvs-4.0:5.1.4, owaspAsvs-4.0:7.3.1, owaspAsvs-4.0:7.3.2, owaspTop10-2021:a3, owaspTop10-2021:a9, owaspTop10:a1, owaspTop10:a10, stig-ASD_V5R3:V-222609"
CreateClass.java,S5145,81,true,MINOR,"[{'softwareQuality': 'SECURITY', 'severity': 'LOW'}]","cwe:117, cwe:20, owaspAsvs-4.0:5.1.3, owaspAsvs-4.0:5.1.4, owaspAsvs-4.0:7.3.1, owaspAsvs-4.0:7.3.2, owaspTop10-2021:a3, owaspTop10-2021:a9, owaspTop10:a1, owaspTop10:a10, stig-ASD_V5R3:V-222609"
CreateNewAdmin.java,S1989,59,true,MINOR,"[{'softwareQuality': 'SECURITY', 'severity': 'LOW'}]","cwe:600, owaspTop10:a3"
CreateNewAdmin.java,S1989,61,true,MINOR,"[{'softwareQuality': 'SECURITY', 'severity': 'LOW'}]","cwe:600, owaspTop10:a3"
CreateNewAdmin.java,S5145,83,true,MINOR,"[{'softwareQuality': 'SECURITY', 'severity': 'LOW'}]","cwe:117, cwe:20, owaspAsvs-4.0:5.1.3, owaspAsvs-4.0:5.1.4, owaspAsvs-4.0:7.3.1, owaspAsvs-4.0:7.3.2, owaspTop10-2021:a3, owaspTop10-2021:a9, owaspTop10:a1, owaspTop10:a10, stig-ASD_V5R3:V-222609"
CreateNewAdmin.java,S5145,89,true,MINOR,"[{'softwareQuality': 'SECURITY', 'severity': 'LOW'}]","cwe:117, cwe:20, owaspAsvs-4.0:5.1.3, owaspAsvs-4.0:5.1.4, owaspAsvs-4.0:7.3.1, owaspAsvs-4.0:7.3.2, owaspTop10-2021:a3, owaspTop10-2021:a9, owaspTop10:a1, owaspTop10:a10, stig-ASD_V5R3:V-222609"
CreateNewAdmin.java,S5145,92,true,MINOR,"[{'softwareQuality': 'SECURITY', 'severity': 'LOW'}]","cwe:117, cwe:20, owaspAsvs-4.0:5.1.3, owaspAsvs-4.0:5.1.4, owaspAsvs-4.0:7.3.1, owaspAsvs-4.0:7.3.2, owaspTop10-2021:a3, owaspTop10-2021:a9, owaspTop10:a1, owaspTop10:a10, stig-ASD_V5R3:V-222609"
DeletePlayers.java,S1989,55,true,MINOR,"[{'softwareQuality': 'SECURITY', 'severity': 'LOW'}]","cwe:600, owaspTop10:a3"
DeletePlayers.java,S5145,75,true,MINOR,"[{'softwareQuality': 'SECURITY', 'severity': 'LOW'}]","cwe:117, cwe:20, owaspAsvs-4.0:5.1.3, owaspAsvs-4.0:5.1.4, owaspAsvs-4.0:7.3.1, owaspAsvs-4.0:7.3.2, owaspTop10-2021:a3, owaspTop10-2021:a9, owaspTop10:a1, owaspTop10:a10, stig-ASD_V5R3:V-222609"
DeletePlayers.java,S5145,80,true,MINOR,"[{'softwareQuality': 'SECURITY', 'severity': 'LOW'}]","cwe:117, cwe:20, owaspAsvs-4.0:5.1.3, owaspAsvs-4.0:5.1.4, owaspAsvs-4.0:7.3.1, owaspAsvs-4.0:7.3.2, owaspTop10-2021:a3, owaspTop10-2021:a9, owaspTop10:a1, owaspTop10:a10, stig-ASD_V5R3:V-222609"
DowngradeAdmin.java,S1989,53,true,MINOR,"[{'softwareQuality': 'SECURITY', 'severity': 'LOW'}]","cwe:600, owaspTop10:a3"
DowngradeAdmin.java,S5145,74,true,MINOR,"[{'softwareQuality': 'SECURITY', 'severity': 'LOW'}]","cwe:117, cwe:20, owaspAsvs-4.0:5.1.3, owaspAsvs-4.0:5.1.4, owaspAsvs-4.0:7.3.1, owaspAsvs-4.0:7.3.2, owaspTop10-2021:a3, owaspTop10-2021:a9, owaspTop10:a1, owaspTop10:a10, stig-ASD_V5R3:V-222609"
GetPlayersByClass.java,S1989,56,true,MINOR,"[{'softwareQuality': 'SECURITY', 'severity': 'LOW'}]","cwe:600, owaspTop10:a3"
GetPlayersByClass.java,S5145,77,true,MINOR,"[{'softwareQuality': 'SECURITY', 'severity': 'LOW'}]","cwe:117, cwe:20, owaspAsvs-4.0:5.1.3, owaspAsvs-4.0:5.1.4, owaspAsvs-4.0:7.3.1, owaspAsvs-4.0:7.3.2, owaspTop10-2021:a3, owaspTop10-2021:a9, owaspTop10:a1, owaspTop10:a10, stig-ASD_V5R3:V-222609"
GiveTakePoints.java,S1989,49,true,MINOR,"[{'softwareQuality': 'SECURITY', 'severity': 'LOW'}]","cwe:600, owaspTop10:a3"
GiveTakePoints.java,S5145,67,true,MINOR,"[{'softwareQuality': 'SECURITY', 'severity': 'LOW'}]","cwe:117, cwe:20, owaspAsvs-4.0:5.1.3, owaspAsvs-4.0:5.1.4, owaspAsvs-4.0:7.3.1, owaspAsvs-4.0:7.3.2, owaspTop10-2021:a3, owaspTop10-2021:a9, owaspTop10:a1, owaspTop10:a10, stig-ASD_V5R3:V-222609"
GiveTakePoints.java,S5145,69,true,MINOR,"[{'softwareQuality': 'SECURITY', 'severity': 'LOW'}]","cwe:117, cwe:20, owaspAsvs-4.0:5.1.3, owaspAsvs-4.0:5.1.4, owaspAsvs-4.0:7.3.1, owaspAsvs-4.0:7.3.2, owaspTop10-2021:a3, owaspTop10-2021:a9, owaspTop10:a1, owaspTop10:a10, stig-ASD_V5R3:V-222609"
GiveTakePoints.java,S5145,79,true,MINOR,"[{'softwareQuality': 'SECURITY', 'severity': 'LOW'}]","cwe:117, cwe:20, owaspAsvs-4.0:5.1.3, owaspAsvs-4.0:5.1.4, owaspAsvs-4.0:7.3.1, owaspAsvs-4.0:7.3.2, owaspTop10-2021:a3, owaspTop10-2021:a9, owaspTop10:a1, owaspTop10:a10, stig-ASD_V5R3:V-222609"
SetDefaultClass.java,S1989,56,true,MINOR,"[{'softwareQuality': 'SECURITY', 'severity': 'LOW'}]","cwe:600, owaspTop10:a3"
SetDefaultClass.java,S1989,57,true,MINOR,"[{'softwareQuality': 'SECURITY', 'severity': 'LOW'}]","cwe:600, owaspTop10:a3"
SetDefaultClass.java,S5145,78,true,MINOR,"[{'softwareQuality': 'SECURITY', 'severity': 'LOW'}]","cwe:117, cwe:20, owaspAsvs-4.0:5.1.3, owaspAsvs-4.0:5.1.4, owaspAsvs-4.0:7.3.1, owaspAsvs-4.0:7.3.2, owaspTop10-2021:a3, owaspTop10-2021:a9, owaspTop10:a1, owaspTop10:a10, stig-ASD_V5R3:V-222609"
SuspendUser.java,S1989,50,true,MINOR,"[{'softwareQuality': 'SECURITY', 'severity': 'LOW'}]","cwe:600, owaspTop10:a3"
SuspendUser.java,S5145,68,true,MINOR,"[{'softwareQuality': 'SECURITY', 'severity': 'LOW'}]","cwe:117, cwe:20, owaspAsvs-4.0:5.1.3, owaspAsvs-4.0:5.1.4, owaspAsvs-4.0:7.3.1, owaspAsvs-4.0:7.3.2, owaspTop10-2021:a3, owaspTop10-2021:a9, owaspTop10:a1, owaspTop10:a10, stig-ASD_V5R3:V-222609"
SuspendUser.java,S5145,70,true,MINOR,"[{'softwareQuality': 'SECURITY', 'severity': 'LOW'}]","cwe:117, cwe:20, owaspAsvs-4.0:5.1.3, owaspAsvs-4.0:5.1.4, owaspAsvs-4.0:7.3.1, owaspAsvs-4.0:7.3.2, owaspTop10-2021:a3, owaspTop10-2021:a9, owaspTop10:a1, owaspTop10:a10, stig-ASD_V5R3:V-222609"
UnSuspendUser.java,S1989,50,true,MINOR,"[{'softwareQuality': 'SECURITY', 'severity': 'LOW'}]","cwe:600, owaspTop10:a3"
UnSuspendUser.java,S5145,68,true,MINOR,"[{'softwareQuality': 'SECURITY', 'severity': 'LOW'}]","cwe:117, cwe:20, owaspAsvs-4.0:5.1.3, owaspAsvs-4.0:5.1.4, owaspAsvs-4.0:7.3.1, owaspAsvs-4.0:7.3.2, owaspTop10-2021:a3, owaspTop10-2021:a9, owaspTop10:a1, owaspTop10:a10, stig-ASD_V5R3:V-222609"
UpgradePlayer.java,S1989,56,true,MINOR,"[{'softwareQuality': 'SECURITY', 'severity': 'LOW'}]","cwe:600, owaspTop10:a3"
UpgradePlayer.java,S5145,77,true,MINOR,"[{'softwareQuality': 'SECURITY', 'severity': 'LOW'}]","cwe:117, cwe:20, owaspAsvs-4.0:5.1.3, owaspAsvs-4.0:5.1.4, owaspAsvs-4.0:7.3.1, owaspAsvs-4.0:7.3.2, owaspTop10-2021:a3, owaspTop10-2021:a9, owaspTop10:a1, owaspTop10:a10, stig-ASD_V5R3:V-222609"
Cheats.java,S1989,21,true,MINOR,"[{'softwareQuality': 'SECURITY', 'severity': 'LOW'}]","cwe:600, owaspTop10:a3"
Levels.java,S1989,28,true,MINOR,"[{'softwareQuality': 'SECURITY', 'severity': 'LOW'}]","cwe:600, owaspTop10:a3"
Scoreboard.java,S1989,21,true,MINOR,"[{'softwareQuality': 'SECURITY', 'severity': 'LOW'}]","cwe:600, owaspTop10:a3"
FeedbackSubmit.java,S1989,66,true,MINOR,"[{'softwareQuality': 'SECURITY', 'severity': 'LOW'}]","cwe:600, owaspTop10:a3"
FeedbackSubmit.java,S1989,68,true,MINOR,"[{'softwareQuality': 'SECURITY', 'severity': 'LOW'}]","cwe:600, owaspTop10:a3"
FeedbackSubmit.java,S5145,87,true,MINOR,"[{'softwareQuality': 'SECURITY', 'severity': 'LOW'}]","cwe:117, cwe:20, owaspAsvs-4.0:5.1.3, owaspAsvs-4.0:5.1.4, owaspAsvs-4.0:7.3.1, owaspAsvs-4.0:7.3.2, owaspTop10-2021:a3, owaspTop10-2021:a9, owaspTop10:a1, owaspTop10:a10, stig-ASD_V5R3:V-222609"
FeedbackSubmit.java,S5145,91,true,MINOR,"[{'softwareQuality': 'SECURITY', 'severity': 'LOW'}]","cwe:117, cwe:20, owaspAsvs-4.0:5.1.3, owaspAsvs-4.0:5.1.4, owaspAsvs-4.0:7.3.1, owaspAsvs-4.0:7.3.2, owaspTop10-2021:a3, owaspTop10-2021:a9, owaspTop10:a1, owaspTop10:a10, stig-ASD_V5R3:V-222609"
FeedbackSubmit.java,S5145,102,true,MINOR,"[{'softwareQuality': 'SECURITY', 'severity': 'LOW'}]","cwe:117, cwe:20, owaspAsvs-4.0:5.1.3, owaspAsvs-4.0:5.1.4, owaspAsvs-4.0:7.3.1, owaspAsvs-4.0:7.3.2, owaspTop10-2021:a3, owaspTop10-2021:a9, owaspTop10:a1, owaspTop10:a10, stig-ASD_V5R3:V-222609"
FeedbackSubmit.java,S5145,129,true,MINOR,"[{'softwareQuality': 'SECURITY', 'severity': 'LOW'}]","cwe:117, cwe:20, owaspAsvs-4.0:5.1.3, owaspAsvs-4.0:5.1.4, owaspAsvs-4.0:7.3.1, owaspAsvs-4.0:7.3.2, owaspTop10-2021:a3, owaspTop10-2021:a9, owaspTop10:a1, owaspTop10:a10, stig-ASD_V5R3:V-222609"
GetCheat.java,S1989,57,true,MINOR,"[{'softwareQuality': 'SECURITY', 'severity': 'LOW'}]","cwe:600, owaspTop10:a3"
GetCheat.java,S5145,74,true,MINOR,"[{'softwareQuality': 'SECURITY', 'severity': 'LOW'}]","cwe:117, cwe:20, owaspAsvs-4.0:5.1.3, owaspAsvs-4.0:5.1.4, owaspAsvs-4.0:7.3.1, owaspAsvs-4.0:7.3.2, owaspTop10-2021:a3, owaspTop10-2021:a9, owaspTop10:a1, owaspTop10:a10, stig-ASD_V5R3:V-222609"
GetModule.java,S1989,57,true,MINOR,"[{'softwareQuality': 'SECURITY', 'severity': 'LOW'}]","cwe:600, owaspTop10:a3"
GetModule.java,S1989,58,true,MINOR,"[{'softwareQuality': 'SECURITY', 'severity': 'LOW'}]","cwe:600, owaspTop10:a3"
GetModule.java,S1989,80,true,MINOR,"[{'softwareQuality': 'SECURITY', 'severity': 'LOW'}]","cwe:600, owaspTop10:a3"
GetModule.java,S5145,104,true,MINOR,"[{'softwareQuality': 'SECURITY', 'severity': 'LOW'}]","cwe:117, cwe:20, owaspAsvs-4.0:5.1.3, owaspAsvs-4.0:5.1.4, owaspAsvs-4.0:7.3.1, owaspAsvs-4.0:7.3.2, owaspTop10-2021:a3, owaspTop10-2021:a9, owaspTop10:a1, owaspTop10:a10, stig-ASD_V5R3:V-222609"
ModuleServletTemplate.java,S1989,61,true,MINOR,"[{'softwareQuality': 'SECURITY', 'severity': 'LOW'}]","cwe:600, owaspTop10:a3"
ModuleServletTemplate.java,S5145,85,true,MINOR,"[{'softwareQuality': 'SECURITY', 'severity': 'LOW'}]","cwe:117, cwe:20, owaspAsvs-4.0:5.1.3, owaspAsvs-4.0:5.1.4, owaspAsvs-4.0:7.3.1, owaspAsvs-4.0:7.3.2, owaspTop10-2021:a3, owaspTop10-2021:a9, owaspTop10:a1, owaspTop10:a10, stig-ASD_V5R3:V-222609"
ModuleServletTemplate.java,S3649,157,true,BLOCKER,"[{'softwareQuality': 'SECURITY', 'severity': 'BLOCKER'}]","cwe:20, cwe:89, owaspAsvs-4.0:5.1.3, owaspAsvs-4.0:5.1.4, owaspAsvs-4.0:5.3.4, owaspAsvs-4.0:5.3.5, owaspTop10-2021:a3, owaspTop10:a1, pciDss-3.2:6.5.1, pciDss-4.0:6.2.4, stig-ASD_V5R3:V-222607, stig-ASD_V5R3:V-222609"
RefreshMenu.java,S1989,63,true,MINOR,"[{'softwareQuality': 'SECURITY', 'severity': 'LOW'}]","cwe:600, owaspTop10:a3"
RefreshMenu.java,S1989,85,true,MINOR,"[{'softwareQuality': 'SECURITY', 'severity': 'LOW'}]","cwe:600, owaspTop10:a3"
RefreshMenu.java,S1989,137,true,MINOR,"[{'softwareQuality': 'SECURITY', 'severity': 'LOW'}]","cwe:600, owaspTop10:a3"
SolutionSubmit.java,S1989,63,true,MINOR,"[{'softwareQuality': 'SECURITY', 'severity': 'LOW'}]","cwe:600, owaspTop10:a3"
SolutionSubmit.java,S1989,64,true,MINOR,"[{'softwareQuality': 'SECURITY', 'severity': 'LOW'}]","cwe:600, owaspTop10:a3"
SolutionSubmit.java,S5145,84,true,MINOR,"[{'softwareQuality': 'SECURITY', 'severity': 'LOW'}]","cwe:117, cwe:20, owaspAsvs-4.0:5.1.3, owaspAsvs-4.0:5.1.4, owaspAsvs-4.0:7.3.1, owaspAsvs-4.0:7.3.2, owaspTop10-2021:a3, owaspTop10-2021:a9, owaspTop10:a1, owaspTop10:a10, stig-ASD_V5R3:V-222609"
SolutionSubmit.java,S5145,87,true,MINOR,"[{'softwareQuality': 'SECURITY', 'severity': 'LOW'}]","cwe:117, cwe:20, owaspAsvs-4.0:5.1.3, owaspAsvs-4.0:5.1.4, owaspAsvs-4.0:7.3.1, owaspAsvs-4.0:7.3.2, owaspTop10-2021:a3, owaspTop10-2021:a9, owaspTop10:a1, owaspTop10:a10, stig-ASD_V5R3:V-222609"
SolutionSubmit.java,S1989,107,true,MINOR,"[{'softwareQuality': 'SECURITY', 'severity': 'LOW'}]","cwe:600, owaspTop10:a3"
SolutionSubmit.java,S5145,124,true,MINOR,"[{'softwareQuality': 'SECURITY', 'severity': 'LOW'}]","cwe:117, cwe:20, owaspAsvs-4.0:5.1.3, owaspAsvs-4.0:5.1.4, owaspAsvs-4.0:7.3.1, owaspAsvs-4.0:7.3.2, owaspTop10-2021:a3, owaspTop10-2021:a9, owaspTop10:a1, owaspTop10:a10, stig-ASD_V5R3:V-222609"
BrokenCrypto3.java,S1989,61,true,MINOR,"[{'softwareQuality': 'SECURITY', 'severity': 'LOW'}]","cwe:600, owaspTop10:a3"
BrokenCrypto3.java,S5145,72,true,MINOR,"[{'softwareQuality': 'SECURITY', 'severity': 'LOW'}]","cwe:117, cwe:20, owaspAsvs-4.0:5.1.3, owaspAsvs-4.0:5.1.4, owaspAsvs-4.0:7.3.1, owaspAsvs-4.0:7.3.2, owaspTop10-2021:a3, owaspTop10-2021:a9, owaspTop10:a1, owaspTop10:a10, stig-ASD_V5R3:V-222609"
BrokenCrypto4.java,S1989,68,true,MINOR,"[{'softwareQuality': 'SECURITY', 'severity': 'LOW'}]","cwe:600, owaspTop10:a3"
BrokenCrypto4.java,S5145,84,true,MINOR,"[{'softwareQuality': 'SECURITY', 'severity': 'LOW'}]","cwe:117, cwe:20, owaspAsvs-4.0:5.1.3, owaspAsvs-4.0:5.1.4, owaspAsvs-4.0:7.3.1, owaspAsvs-4.0:7.3.2, owaspTop10-2021:a3, owaspTop10-2021:a9, owaspTop10:a1, owaspTop10:a10, stig-ASD_V5R3:V-222609"
BrokenCrypto4.java,S1989,128,true,MINOR,"[{'softwareQuality': 'SECURITY', 'severity': 'LOW'}]","cwe:600, owaspTop10:a3"
BrokenCryptoHomeMade.java,S1989,97,true,MINOR,"[{'softwareQuality': 'SECURITY', 'severity': 'LOW'}]","cwe:600, owaspTop10:a3"
BrokenCryptoHomeMade.java,S1989,122,true,MINOR,"[{'softwareQuality': 'SECURITY', 'severity': 'LOW'}]","cwe:600, owaspTop10:a3"
BrokenCryptoHomeMade.java,S1989,197,true,MINOR,"[{'softwareQuality': 'SECURITY', 'severity': 'LOW'}]","cwe:600, owaspTop10:a3"
BrokenCryptoHomeMade.java,S5542,285,true,CRITICAL,"[{'softwareQuality': 'SECURITY', 'severity': 'HIGH'}]","cwe:327, cwe:780, owaspAsvs-4.0:2.9.3, owaspAsvs-4.0:6.2.2, owaspAsvs-4.0:8.3.7, owaspTop10-2021:a2, owaspTop10:a3, owaspTop10:a6, pciDss-3.2:4.1, pciDss-3.2:6.5.3, pciDss-3.2:6.5.4, pciDss-4.0:4.2.1, pciDss-4.0:6.2.4"
BrokenCryptoHomeMade.java,S5542,317,true,CRITICAL,"[{'softwareQuality': 'SECURITY', 'severity': 'HIGH'}]","cwe:327, cwe:780, owaspAsvs-4.0:2.9.3, owaspAsvs-4.0:6.2.2, owaspAsvs-4.0:8.3.7, owaspTop10-2021:a2, owaspTop10:a3, owaspTop10:a6, pciDss-3.2:4.1, pciDss-3.2:6.5.3, pciDss-3.2:6.5.4, pciDss-4.0:4.2.1, pciDss-4.0:6.2.4"
BrokenCryptoHomeMade.java,S5542,340,true,CRITICAL,"[{'softwareQuality': 'SECURITY', 'severity': 'HIGH'}]","cwe:327, cwe:780, owaspAsvs-4.0:2.9.3, owaspAsvs-4.0:6.2.2, owaspAsvs-4.0:8.3.7, owaspTop10-2021:a2, owaspTop10:a3, owaspTop10:a6, pciDss-3.2:4.1, pciDss-3.2:6.5.3, pciDss-3.2:6.5.4, pciDss-4.0:4.2.1, pciDss-4.0:6.2.4"
BrokenCryptoHomeMade.java,S5145,376,true,MINOR,"[{'softwareQuality': 'SECURITY', 'severity': 'LOW'}]","cwe:117, cwe:20, owaspAsvs-4.0:5.1.3, owaspAsvs-4.0:5.1.4, owaspAsvs-4.0:7.3.1, owaspAsvs-4.0:7.3.2, owaspTop10-2021:a3, owaspTop10-2021:a9, owaspTop10:a1, owaspTop10:a10, stig-ASD_V5R3:V-222609"
CsrfChallengeFive.java,S1989,65,true,MINOR,"[{'softwareQuality': 'SECURITY', 'severity': 'LOW'}]","cwe:600, owaspTop10:a3"
CsrfChallengeFive.java,S5145,79,true,MINOR,"[{'softwareQuality': 'SECURITY', 'severity': 'LOW'}]","cwe:117, cwe:20, owaspAsvs-4.0:5.1.3, owaspAsvs-4.0:5.1.4, owaspAsvs-4.0:7.3.1, owaspAsvs-4.0:7.3.2, owaspTop10-2021:a3, owaspTop10-2021:a9, owaspTop10:a1, owaspTop10:a10, stig-ASD_V5R3:V-222609"
CsrfChallengeFour.java,S1989,65,true,MINOR,"[{'softwareQuality': 'SECURITY', 'severity': 'LOW'}]","cwe:600, owaspTop10:a3"
CsrfChallengeFour.java,S5145,79,true,MINOR,"[{'softwareQuality': 'SECURITY', 'severity': 'LOW'}]","cwe:117, cwe:20, owaspAsvs-4.0:5.1.3, owaspAsvs-4.0:5.1.4, owaspAsvs-4.0:7.3.1, owaspAsvs-4.0:7.3.2, owaspTop10-2021:a3, owaspTop10-2021:a9, owaspTop10:a1, owaspTop10:a10, stig-ASD_V5R3:V-222609"
CsrfChallengeJSON.java,S1989,67,true,MINOR,"[{'softwareQuality': 'SECURITY', 'severity': 'LOW'}]","cwe:600, owaspTop10:a3"
CsrfChallengeJSON.java,S5145,81,true,MINOR,"[{'softwareQuality': 'SECURITY', 'severity': 'LOW'}]","cwe:117, cwe:20, owaspAsvs-4.0:5.1.3, owaspAsvs-4.0:5.1.4, owaspAsvs-4.0:7.3.1, owaspAsvs-4.0:7.3.2, owaspTop10-2021:a3, owaspTop10-2021:a9, owaspTop10:a1, owaspTop10:a10, stig-ASD_V5R3:V-222609"
CsrfChallengeOne.java,S1989,63,true,MINOR,"[{'softwareQuality': 'SECURITY', 'severity': 'LOW'}]","cwe:600, owaspTop10:a3"
CsrfChallengeOne.java,S5145,77,true,MINOR,"[{'softwareQuality': 'SECURITY', 'severity': 'LOW'}]","cwe:117, cwe:20, owaspAsvs-4.0:5.1.3, owaspAsvs-4.0:5.1.4, owaspAsvs-4.0:7.3.1, owaspAsvs-4.0:7.3.2, owaspTop10-2021:a3, owaspTop10-2021:a9, owaspTop10:a1, owaspTop10:a10, stig-ASD_V5R3:V-222609"
CsrfChallengeSeven.java,S1989,63,true,MINOR,"[{'softwareQuality': 'SECURITY', 'severity': 'LOW'}]","cwe:600, owaspTop10:a3"
CsrfChallengeSeven.java,S5145,77,true,MINOR,"[{'softwareQuality': 'SECURITY', 'severity': 'LOW'}]","cwe:117, cwe:20, owaspAsvs-4.0:5.1.3, owaspAsvs-4.0:5.1.4, owaspAsvs-4.0:7.3.1, owaspAsvs-4.0:7.3.2, owaspTop10-2021:a3, owaspTop10-2021:a9, owaspTop10:a1, owaspTop10:a10, stig-ASD_V5R3:V-222609"
CsrfChallengeSevenGetToken.java,S1989,65,true,MINOR,"[{'softwareQuality': 'SECURITY', 'severity': 'LOW'}]","cwe:600, owaspTop10:a3"
CsrfChallengeSevenGetToken.java,S5145,95,true,MINOR,"[{'softwareQuality': 'SECURITY', 'severity': 'LOW'}]","cwe:117, cwe:20, owaspAsvs-4.0:5.1.3, owaspAsvs-4.0:5.1.4, owaspAsvs-4.0:7.3.1, owaspAsvs-4.0:7.3.2, owaspTop10-2021:a3, owaspTop10-2021:a9, owaspTop10:a1, owaspTop10:a10, stig-ASD_V5R3:V-222609"
CsrfChallengeSix.java,S1989,65,true,MINOR,"[{'softwareQuality': 'SECURITY', 'severity': 'LOW'}]","cwe:600, owaspTop10:a3"
CsrfChallengeSix.java,S5145,79,true,MINOR,"[{'softwareQuality': 'SECURITY', 'severity': 'LOW'}]","cwe:117, cwe:20, owaspAsvs-4.0:5.1.3, owaspAsvs-4.0:5.1.4, owaspAsvs-4.0:7.3.1, owaspAsvs-4.0:7.3.2, owaspTop10-2021:a3, owaspTop10-2021:a9, owaspTop10:a1, owaspTop10:a10, stig-ASD_V5R3:V-222609"
CsrfChallengeSixGetToken.java,S1989,65,true,MINOR,"[{'softwareQuality': 'SECURITY', 'severity': 'LOW'}]","cwe:600, owaspTop10:a3"
CsrfChallengeSixGetToken.java,S5145,90,true,MINOR,"[{'softwareQuality': 'SECURITY', 'severity': 'LOW'}]","cwe:117, cwe:20, owaspAsvs-4.0:5.1.3, owaspAsvs-4.0:5.1.4, owaspAsvs-4.0:7.3.1, owaspAsvs-4.0:7.3.2, owaspTop10-2021:a3, owaspTop10-2021:a9, owaspTop10:a1, owaspTop10:a10, stig-ASD_V5R3:V-222609"
CsrfChallengeTargetFive.java,S1989,59,true,MINOR,"[{'softwareQuality': 'SECURITY', 'severity': 'LOW'}]","cwe:600, owaspTop10:a3"
CsrfChallengeTargetFive.java,S5145,93,true,MINOR,"[{'softwareQuality': 'SECURITY', 'severity': 'LOW'}]","cwe:117, cwe:20, owaspAsvs-4.0:5.1.3, owaspAsvs-4.0:5.1.4, owaspAsvs-4.0:7.3.1, owaspAsvs-4.0:7.3.2, owaspTop10-2021:a3, owaspTop10-2021:a9, owaspTop10:a1, owaspTop10:a10, stig-ASD_V5R3:V-222609"
CsrfChallengeTargetFive.java,S5145,96,true,MINOR,"[{'softwareQuality': 'SECURITY', 'severity': 'LOW'}]","cwe:117, cwe:20, owaspAsvs-4.0:5.1.3, owaspAsvs-4.0:5.1.4, owaspAsvs-4.0:7.3.1, owaspAsvs-4.0:7.3.2, owaspTop10-2021:a3, owaspTop10-2021:a9, owaspTop10:a1, owaspTop10:a10, stig-ASD_V5R3:V-222609"
CsrfChallengeTargetFour.java,S1989,64,true,MINOR,"[{'softwareQuality': 'SECURITY', 'severity': 'LOW'}]","cwe:600, owaspTop10:a3"
CsrfChallengeTargetFour.java,S5145,100,true,MINOR,"[{'softwareQuality': 'SECURITY', 'severity': 'LOW'}]","cwe:117, cwe:20, owaspAsvs-4.0:5.1.3, owaspAsvs-4.0:5.1.4, owaspAsvs-4.0:7.3.1, owaspAsvs-4.0:7.3.2, owaspTop10-2021:a3, owaspTop10-2021:a9, owaspTop10:a1, owaspTop10:a10, stig-ASD_V5R3:V-222609"
CsrfChallengeTargetFour.java,S5145,102,true,MINOR,"[{'softwareQuality': 'SECURITY', 'severity': 'LOW'}]","cwe:117, cwe:20, owaspAsvs-4.0:5.1.3, owaspAsvs-4.0:5.1.4, owaspAsvs-4.0:7.3.1, owaspAsvs-4.0:7.3.2, owaspTop10-2021:a3, owaspTop10-2021:a9, owaspTop10:a1, owaspTop10:a10, stig-ASD_V5R3:V-222609"
CsrfChallengeTargetJSON.java,S1989,64,true,MINOR,"[{'softwareQuality': 'SECURITY', 'severity': 'LOW'}]","cwe:600, owaspTop10:a3"
CsrfChallengeTargetOne.java,S1989,61,true,MINOR,"[{'softwareQuality': 'SECURITY', 'severity': 'LOW'}]","cwe:600, owaspTop10:a3"
CsrfChallengeTargetOne.java,S5145,73,true,MINOR,"[{'softwareQuality': 'SECURITY', 'severity': 'LOW'}]","cwe:117, cwe:20, owaspAsvs-4.0:5.1.3, owaspAsvs-4.0:5.1.4, owaspAsvs-4.0:7.3.1, owaspAsvs-4.0:7.3.2, owaspTop10-2021:a3, owaspTop10-2021:a9, owaspTop10:a1, owaspTop10:a10, stig-ASD_V5R3:V-222609"
CsrfChallengeTargetSeven.java,S1989,66,true,MINOR,"[{'softwareQuality': 'SECURITY', 'severity': 'LOW'}]","cwe:600, owaspTop10:a3"
CsrfChallengeTargetSeven.java,S5145,95,true,MINOR,"[{'softwareQuality': 'SECURITY', 'severity': 'LOW'}]","cwe:117, cwe:20, owaspAsvs-4.0:5.1.3, owaspAsvs-4.0:5.1.4, owaspAsvs-4.0:7.3.1, owaspAsvs-4.0:7.3.2, owaspTop10-2021:a3, owaspTop10-2021:a9, owaspTop10:a1, owaspTop10:a10, stig-ASD_V5R3:V-222609"
CsrfChallengeTargetSeven.java,S5145,97,true,MINOR,"[{'softwareQuality': 'SECURITY', 'severity': 'LOW'}]","cwe:117, cwe:20, owaspAsvs-4.0:5.1.3, owaspAsvs-4.0:5.1.4, owaspAsvs-4.0:7.3.1, owaspAsvs-4.0:7.3.2, owaspTop10-2021:a3, owaspTop10-2021:a9, owaspTop10:a1, owaspTop10:a10, stig-ASD_V5R3:V-222609"
CsrfChallengeTargetSix.java,S1989,71,true,MINOR,"[{'softwareQuality': 'SECURITY', 'severity': 'LOW'}]","cwe:600, owaspTop10:a3"
CsrfChallengeTargetSix.java,S5145,101,true,MINOR,"[{'softwareQuality': 'SECURITY', 'severity': 'LOW'}]","cwe:117, cwe:20, owaspAsvs-4.0:5.1.3, owaspAsvs-4.0:5.1.4, owaspAsvs-4.0:7.3.1, owaspAsvs-4.0:7.3.2, owaspTop10-2021:a3, owaspTop10-2021:a9, owaspTop10:a1, owaspTop10:a10, stig-ASD_V5R3:V-222609"
CsrfChallengeTargetSix.java,S5145,104,true,MINOR,"[{'softwareQuality': 'SECURITY', 'severity': 'LOW'}]","cwe:117, cwe:20, owaspAsvs-4.0:5.1.3, owaspAsvs-4.0:5.1.4, owaspAsvs-4.0:7.3.1, owaspAsvs-4.0:7.3.2, owaspTop10-2021:a3, owaspTop10-2021:a9, owaspTop10:a1, owaspTop10:a10, stig-ASD_V5R3:V-222609"
CsrfChallengeTargetThree.java,S1989,61,true,MINOR,"[{'softwareQuality': 'SECURITY', 'severity': 'LOW'}]","cwe:600, owaspTop10:a3"
CsrfChallengeTargetThree.java,S5145,73,true,MINOR,"[{'softwareQuality': 'SECURITY', 'severity': 'LOW'}]","cwe:117, cwe:20, owaspAsvs-4.0:5.1.3, owaspAsvs-4.0:5.1.4, owaspAsvs-4.0:7.3.1, owaspAsvs-4.0:7.3.2, owaspTop10-2021:a3, owaspTop10-2021:a9, owaspTop10:a1, owaspTop10:a10, stig-ASD_V5R3:V-222609"
CsrfChallengeTargetTwo.java,S1989,61,true,MINOR,"[{'softwareQuality': 'SECURITY', 'severity': 'LOW'}]","cwe:600, owaspTop10:a3"
CsrfChallengeTargetTwo.java,S5145,73,true,MINOR,"[{'softwareQuality': 'SECURITY', 'severity': 'LOW'}]","cwe:117, cwe:20, owaspAsvs-4.0:5.1.3, owaspAsvs-4.0:5.1.4, owaspAsvs-4.0:7.3.1, owaspAsvs-4.0:7.3.2, owaspTop10-2021:a3, owaspTop10-2021:a9, owaspTop10:a1, owaspTop10:a10, stig-ASD_V5R3:V-222609"
CsrfChallengeThree.java,S1989,65,true,MINOR,"[{'softwareQuality': 'SECURITY', 'severity': 'LOW'}]","cwe:600, owaspTop10:a3"
CsrfChallengeThree.java,S5145,79,true,MINOR,"[{'softwareQuality': 'SECURITY', 'severity': 'LOW'}]","cwe:117, cwe:20, owaspAsvs-4.0:5.1.3, owaspAsvs-4.0:5.1.4, owaspAsvs-4.0:7.3.1, owaspAsvs-4.0:7.3.2, owaspTop10-2021:a3, owaspTop10-2021:a9, owaspTop10:a1, owaspTop10:a10, stig-ASD_V5R3:V-222609"
CsrfChallengeTwo.java,S1989,65,true,MINOR,"[{'softwareQuality': 'SECURITY', 'severity': 'LOW'}]","cwe:600, owaspTop10:a3"
CsrfChallengeTwo.java,S5145,79,true,MINOR,"[{'softwareQuality': 'SECURITY', 'severity': 'LOW'}]","cwe:117, cwe:20, owaspAsvs-4.0:5.1.3, owaspAsvs-4.0:5.1.4, owaspAsvs-4.0:7.3.1, owaspAsvs-4.0:7.3.2, owaspTop10-2021:a3, owaspTop10-2021:a9, owaspTop10:a1, owaspTop10:a10, stig-ASD_V5R3:V-222609"
DirectObject1.java,S1989,73,true,MINOR,"[{'softwareQuality': 'SECURITY', 'severity': 'LOW'}]","cwe:600, owaspTop10:a3"
DirectObject1.java,S5145,77,true,MINOR,"[{'softwareQuality': 'SECURITY', 'severity': 'LOW'}]","cwe:117, cwe:20, owaspAsvs-4.0:5.1.3, owaspAsvs-4.0:5.1.4, owaspAsvs-4.0:7.3.1, owaspAsvs-4.0:7.3.2, owaspTop10-2021:a3, owaspTop10-2021:a9, owaspTop10:a1, owaspTop10:a10, stig-ASD_V5R3:V-222609"
DirectObject2.java,S1989,73,true,MINOR,"[{'softwareQuality': 'SECURITY', 'severity': 'LOW'}]","cwe:600, owaspTop10:a3"
DirectObject2.java,S5145,77,true,MINOR,"[{'softwareQuality': 'SECURITY', 'severity': 'LOW'}]","cwe:117, cwe:20, owaspAsvs-4.0:5.1.3, owaspAsvs-4.0:5.1.4, owaspAsvs-4.0:7.3.1, owaspAsvs-4.0:7.3.2, owaspTop10-2021:a3, owaspTop10-2021:a9, owaspTop10:a1, owaspTop10:a10, stig-ASD_V5R3:V-222609"
DirectObjectBankCurrentBalance.java,S1989,67,true,MINOR,"[{'softwareQuality': 'SECURITY', 'severity': 'LOW'}]","cwe:600, owaspTop10:a3"
DirectObjectBankCurrentBalance.java,S5145,71,true,MINOR,"[{'softwareQuality': 'SECURITY', 'severity': 'LOW'}]","cwe:117, cwe:20, owaspAsvs-4.0:5.1.3, owaspAsvs-4.0:5.1.4, owaspAsvs-4.0:7.3.1, owaspAsvs-4.0:7.3.2, owaspTop10-2021:a3, owaspTop10-2021:a9, owaspTop10:a1, owaspTop10:a10, stig-ASD_V5R3:V-222609"
DirectObjectBankLogin.java,S1989,63,true,MINOR,"[{'softwareQuality': 'SECURITY', 'severity': 'LOW'}]","cwe:600, owaspTop10:a3"
DirectObjectBankLogin.java,S1989,76,true,MINOR,"[{'softwareQuality': 'SECURITY', 'severity': 'LOW'}]","cwe:600, owaspTop10:a3"
DirectObjectBankLogin.java,S5145,80,true,MINOR,"[{'softwareQuality': 'SECURITY', 'severity': 'LOW'}]","cwe:117, cwe:20, owaspAsvs-4.0:5.1.3, owaspAsvs-4.0:5.1.4, owaspAsvs-4.0:7.3.1, owaspAsvs-4.0:7.3.2, owaspTop10-2021:a3, owaspTop10-2021:a9, owaspTop10:a1, owaspTop10:a10, stig-ASD_V5R3:V-222609"
DirectObjectBankLogin.java,S5145,82,true,MINOR,"[{'softwareQuality': 'SECURITY', 'severity': 'LOW'}]","cwe:117, cwe:20, owaspAsvs-4.0:5.1.3, owaspAsvs-4.0:5.1.4, owaspAsvs-4.0:7.3.1, owaspAsvs-4.0:7.3.2, owaspTop10-2021:a3, owaspTop10-2021:a9, owaspTop10:a1, owaspTop10:a10, stig-ASD_V5R3:V-222609"
DirectObjectBankLogout.java,S1989,64,true,MINOR,"[{'softwareQuality': 'SECURITY', 'severity': 'LOW'}]","cwe:600, owaspTop10:a3"
DirectObjectBankRegistration.java,S1989,67,true,MINOR,"[{'softwareQuality': 'SECURITY', 'severity': 'LOW'}]","cwe:600, owaspTop10:a3"
DirectObjectBankRegistration.java,S5145,71,true,MINOR,"[{'softwareQuality': 'SECURITY', 'severity': 'LOW'}]","cwe:117, cwe:20, owaspAsvs-4.0:5.1.3, owaspAsvs-4.0:5.1.4, owaspAsvs-4.0:7.3.1, owaspAsvs-4.0:7.3.2, owaspTop10-2021:a3, owaspTop10-2021:a9, owaspTop10:a1, owaspTop10:a10, stig-ASD_V5R3:V-222609"
DirectObjectBankRegistration.java,S5145,73,true,MINOR,"[{'softwareQuality': 'SECURITY', 'severity': 'LOW'}]","cwe:117, cwe:20, owaspAsvs-4.0:5.1.3, owaspAsvs-4.0:5.1.4, owaspAsvs-4.0:7.3.1, owaspAsvs-4.0:7.3.2, owaspTop10-2021:a3, owaspTop10-2021:a9, owaspTop10:a1, owaspTop10:a10, stig-ASD_V5R3:V-222609"
DirectObjectBankTransfer.java,S1989,70,true,MINOR,"[{'softwareQuality': 'SECURITY', 'severity': 'LOW'}]","cwe:600, owaspTop10:a3"
DirectObjectBankTransfer.java,S5145,77,true,MINOR,"[{'softwareQuality': 'SECURITY', 'severity': 'LOW'}]","cwe:117, cwe:20, owaspAsvs-4.0:5.1.3, owaspAsvs-4.0:5.1.4, owaspAsvs-4.0:7.3.1, owaspAsvs-4.0:7.3.2, owaspTop10-2021:a3, owaspTop10-2021:a9, owaspTop10:a1, owaspTop10:a10, stig-ASD_V5R3:V-222609"
DirectObjectBankTransfer.java,S5145,79,true,MINOR,"[{'softwareQuality': 'SECURITY', 'severity': 'LOW'}]","cwe:117, cwe:20, owaspAsvs-4.0:5.1.3, owaspAsvs-4.0:5.1.4, owaspAsvs-4.0:7.3.1, owaspAsvs-4.0:7.3.2, owaspTop10-2021:a3, owaspTop10-2021:a9, owaspTop10:a1, owaspTop10:a10, stig-ASD_V5R3:V-222609"
DirectObjectBankTransfer.java,S5145,81,true,MINOR,"[{'softwareQuality': 'SECURITY', 'severity': 'LOW'}]","cwe:117, cwe:20, owaspAsvs-4.0:5.1.3, owaspAsvs-4.0:5.1.4, owaspAsvs-4.0:7.3.1, owaspAsvs-4.0:7.3.2, owaspTop10-2021:a3, owaspTop10-2021:a9, owaspTop10:a1, owaspTop10:a10, stig-ASD_V5R3:V-222609"
DirectObjectBankTransfer.java,S1989,112,true,MINOR,"[{'softwareQuality': 'SECURITY', 'severity': 'LOW'}]","cwe:600, owaspTop10:a3"
DirectObjectBankTransfer.java,S1989,113,true,MINOR,"[{'softwareQuality': 'SECURITY', 'severity': 'LOW'}]","cwe:600, owaspTop10:a3"
DirectObjectBankTransfer.java,S1989,114,true,MINOR,"[{'softwareQuality': 'SECURITY', 'severity': 'LOW'}]","cwe:600, owaspTop10:a3"
DirectObjectBankTransfer.java,S1989,115,true,MINOR,"[{'softwareQuality': 'SECURITY', 'severity': 'LOW'}]","cwe:600, owaspTop10:a3"
DirectObjectBankTransfer.java,S1989,116,true,MINOR,"[{'softwareQuality': 'SECURITY', 'severity': 'LOW'}]","cwe:600, owaspTop10:a3"
DirectObjectBankTransfer.java,S1989,117,true,MINOR,"[{'softwareQuality': 'SECURITY', 'severity': 'LOW'}]","cwe:600, owaspTop10:a3"
NoSqlInjection1.java,S1989,85,true,MINOR,"[{'softwareQuality': 'SECURITY', 'severity': 'LOW'}]","cwe:600, owaspTop10:a3"
NoSqlInjection1.java,S5145,114,true,MINOR,"[{'softwareQuality': 'SECURITY', 'severity': 'LOW'}]","cwe:117, cwe:20, owaspAsvs-4.0:5.1.3, owaspAsvs-4.0:5.1.4, owaspAsvs-4.0:7.3.1, owaspAsvs-4.0:7.3.2, owaspTop10-2021:a3, owaspTop10-2021:a9, owaspTop10:a1, owaspTop10:a10, stig-ASD_V5R3:V-222609"
NoSqlInjection1.java,S5147,116,true,BLOCKER,"[{'softwareQuality': 'SECURITY', 'severity': 'BLOCKER'}]","cwe:20, cwe:943, owaspAsvs-4.0:5.1.3, owaspAsvs-4.0:5.1.4, owaspAsvs-4.0:5.3.4, owaspTop10-2021:a3, owaspTop10:a1, pciDss-3.2:6.5.1, pciDss-4.0:6.2.4, stig-ASD_V5R3:V-222609"
PoorValidation1.java,S1989,65,true,MINOR,"[{'softwareQuality': 'SECURITY', 'severity': 'LOW'}]","cwe:600, owaspTop10:a3"
PoorValidation2.java,S1989,68,true,MINOR,"[{'softwareQuality': 'SECURITY', 'severity': 'LOW'}]","cwe:600, owaspTop10:a3"
SecurityMisconfigStealTokens.java,S1989,76,true,MINOR,"[{'softwareQuality': 'SECURITY', 'severity': 'LOW'}]","cwe:600, owaspTop10:a3"
SessionManagement1.java,S1989,59,true,MINOR,"[{'softwareQuality': 'SECURITY', 'severity': 'LOW'}]","cwe:600, owaspTop10:a3"
SessionManagement2.java,S1989,78,true,MINOR,"[{'softwareQuality': 'SECURITY', 'severity': 'LOW'}]","cwe:600, owaspTop10:a3"
SessionManagement2.java,S5145,96,true,MINOR,"[{'softwareQuality': 'SECURITY', 'severity': 'LOW'}]","cwe:117, cwe:20, owaspAsvs-4.0:5.1.3, owaspAsvs-4.0:5.1.4, owaspAsvs-4.0:7.3.1, owaspAsvs-4.0:7.3.2, owaspTop10-2021:a3, owaspTop10-2021:a9, owaspTop10:a1, owaspTop10:a10, stig-ASD_V5R3:V-222609"
SessionManagement2.java,S5145,97,true,MINOR,"[{'softwareQuality': 'SECURITY', 'severity': 'LOW'}]","cwe:117, cwe:20, owaspAsvs-4.0:5.1.3, owaspAsvs-4.0:5.1.4, owaspAsvs-4.0:7.3.1, owaspAsvs-4.0:7.3.2, owaspTop10-2021:a3, owaspTop10-2021:a9, owaspTop10:a1, owaspTop10:a10, stig-ASD_V5R3:V-222609"
SessionManagement2ChangePassword.java,S1989,76,true,MINOR,"[{'softwareQuality': 'SECURITY', 'severity': 'LOW'}]","cwe:600, owaspTop10:a3"
SessionManagement2ChangePassword.java,S5145,88,true,MINOR,"[{'softwareQuality': 'SECURITY', 'severity': 'LOW'}]","cwe:117, cwe:20, owaspAsvs-4.0:5.1.3, owaspAsvs-4.0:5.1.4, owaspAsvs-4.0:7.3.1, owaspAsvs-4.0:7.3.2, owaspTop10-2021:a3, owaspTop10-2021:a9, owaspTop10:a1, owaspTop10:a10, stig-ASD_V5R3:V-222609"
SessionManagement3.java,S1989,80,true,MINOR,"[{'softwareQuality': 'SECURITY', 'severity': 'LOW'}]","cwe:600, owaspTop10:a3"
SessionManagement3.java,S5145,98,true,MINOR,"[{'softwareQuality': 'SECURITY', 'severity': 'LOW'}]","cwe:117, cwe:20, owaspAsvs-4.0:5.1.3, owaspAsvs-4.0:5.1.4, owaspAsvs-4.0:7.3.1, owaspAsvs-4.0:7.3.2, owaspTop10-2021:a3, owaspTop10-2021:a9, owaspTop10:a1, owaspTop10:a10, stig-ASD_V5R3:V-222609"
SessionManagement3.java,S5145,99,true,MINOR,"[{'softwareQuality': 'SECURITY', 'severity': 'LOW'}]","cwe:117, cwe:20, owaspAsvs-4.0:5.1.3, owaspAsvs-4.0:5.1.4, owaspAsvs-4.0:7.3.1, owaspAsvs-4.0:7.3.2, owaspTop10-2021:a3, owaspTop10-2021:a9, owaspTop10:a1, owaspTop10:a10, stig-ASD_V5R3:V-222609"
SessionManagement3ChangePassword.java,S1989,77,true,MINOR,"[{'softwareQuality': 'SECURITY', 'severity': 'LOW'}]","cwe:600, owaspTop10:a3"
SessionManagement3ChangePassword.java,S5145,113,true,MINOR,"[{'softwareQuality': 'SECURITY', 'severity': 'LOW'}]","cwe:117, cwe:20, owaspAsvs-4.0:5.1.3, owaspAsvs-4.0:5.1.4, owaspAsvs-4.0:7.3.1, owaspAsvs-4.0:7.3.2, owaspTop10-2021:a3, owaspTop10-2021:a9, owaspTop10:a1, owaspTop10:a10, stig-ASD_V5R3:V-222609"
SessionManagement3ChangePassword.java,S1989,120,true,MINOR,"[{'softwareQuality': 'SECURITY', 'severity': 'LOW'}]","cwe:600, owaspTop10:a3"
SessionManagement3ChangePassword.java,S5145,122,true,MINOR,"[{'softwareQuality': 'SECURITY', 'severity': 'LOW'}]","cwe:117, cwe:20, owaspAsvs-4.0:5.1.3, owaspAsvs-4.0:5.1.4, owaspAsvs-4.0:7.3.1, owaspAsvs-4.0:7.3.2, owaspTop10-2021:a3, owaspTop10-2021:a9, owaspTop10:a1, owaspTop10:a10, stig-ASD_V5R3:V-222609"
SessionManagement3ChangePassword.java,S1989,126,true,MINOR,"[{'softwareQuality': 'SECURITY', 'severity': 'LOW'}]","cwe:600, owaspTop10:a3"
SessionManagement3ChangePassword.java,S1989,127,true,MINOR,"[{'softwareQuality': 'SECURITY', 'severity': 'LOW'}]","cwe:600, owaspTop10:a3"
SessionManagement3ChangePassword.java,S1989,128,true,MINOR,"[{'softwareQuality': 'SECURITY', 'severity': 'LOW'}]","cwe:600, owaspTop10:a3"
SessionManagement3ChangePassword.java,S1989,130,true,MINOR,"[{'softwareQuality': 'SECURITY', 'severity': 'LOW'}]","cwe:600, owaspTop10:a3"
SessionManagement3ChangePassword.java,S1989,133,true,MINOR,"[{'softwareQuality': 'SECURITY', 'severity': 'LOW'}]","cwe:600, owaspTop10:a3"
SessionManagement3ChangePassword.java,S1989,134,true,MINOR,"[{'softwareQuality': 'SECURITY', 'severity': 'LOW'}]","cwe:600, owaspTop10:a3"
SessionManagement3ChangePassword.java,S5145,139,true,MINOR,"[{'softwareQuality': 'SECURITY', 'severity': 'LOW'}]","cwe:117, cwe:20, owaspAsvs-4.0:5.1.3, owaspAsvs-4.0:5.1.4, owaspAsvs-4.0:7.3.1, owaspAsvs-4.0:7.3.2, owaspTop10-2021:a3, owaspTop10-2021:a9, owaspTop10:a1, owaspTop10:a10, stig-ASD_V5R3:V-222609"
SessionManagement4.java,S1989,58,true,MINOR,"[{'softwareQuality': 'SECURITY', 'severity': 'LOW'}]","cwe:600, owaspTop10:a3"
SessionManagement4.java,S5145,129,true,MINOR,"[{'softwareQuality': 'SECURITY', 'severity': 'LOW'}]","cwe:117, cwe:20, owaspAsvs-4.0:5.1.3, owaspAsvs-4.0:5.1.4, owaspAsvs-4.0:7.3.1, owaspAsvs-4.0:7.3.2, owaspTop10-2021:a3, owaspTop10-2021:a9, owaspTop10:a1, owaspTop10:a10, stig-ASD_V5R3:V-222609"
SessionManagement4.java,S5145,130,true,MINOR,"[{'softwareQuality': 'SECURITY', 'severity': 'LOW'}]","cwe:117, cwe:20, owaspAsvs-4.0:5.1.3, owaspAsvs-4.0:5.1.4, owaspAsvs-4.0:7.3.1, owaspAsvs-4.0:7.3.2, owaspTop10-2021:a3, owaspTop10-2021:a9, owaspTop10:a1, owaspTop10:a10, stig-ASD_V5R3:V-222609"
SessionManagement5.java,S1989,75,true,MINOR,"[{'softwareQuality': 'SECURITY', 'severity': 'LOW'}]","cwe:600, owaspTop10:a3"
SessionManagement5.java,S5145,93,true,MINOR,"[{'softwareQuality': 'SECURITY', 'severity': 'LOW'}]","cwe:117, cwe:20, owaspAsvs-4.0:5.1.3, owaspAsvs-4.0:5.1.4, owaspAsvs-4.0:7.3.1, owaspAsvs-4.0:7.3.2, owaspTop10-2021:a3, owaspTop10-2021:a9, owaspTop10:a1, owaspTop10:a10, stig-ASD_V5R3:V-222609"
SessionManagement5.java,S5145,94,true,MINOR,"[{'softwareQuality': 'SECURITY', 'severity': 'LOW'}]","cwe:117, cwe:20, owaspAsvs-4.0:5.1.3, owaspAsvs-4.0:5.1.4, owaspAsvs-4.0:7.3.1, owaspAsvs-4.0:7.3.2, owaspTop10-2021:a3, owaspTop10-2021:a9, owaspTop10:a1, owaspTop10:a10, stig-ASD_V5R3:V-222609"
SessionManagement5ChangePassword.java,S1989,79,true,MINOR,"[{'softwareQuality': 'SECURITY', 'severity': 'LOW'}]","cwe:600, owaspTop10:a3"
SessionManagement5ChangePassword.java,S5145,101,true,MINOR,"[{'softwareQuality': 'SECURITY', 'severity': 'LOW'}]","cwe:117, cwe:20, owaspAsvs-4.0:5.1.3, owaspAsvs-4.0:5.1.4, owaspAsvs-4.0:7.3.1, owaspAsvs-4.0:7.3.2, owaspTop10-2021:a3, owaspTop10-2021:a9, owaspTop10:a1, owaspTop10:a10, stig-ASD_V5R3:V-222609"
SessionManagement5ChangePassword.java,S5145,102,true,MINOR,"[{'softwareQuality': 'SECURITY', 'severity': 'LOW'}]","cwe:117, cwe:20, owaspAsvs-4.0:5.1.3, owaspAsvs-4.0:5.1.4, owaspAsvs-4.0:7.3.1, owaspAsvs-4.0:7.3.2, owaspTop10-2021:a3, owaspTop10-2021:a9, owaspTop10:a1, owaspTop10:a10, stig-ASD_V5R3:V-222609"
SessionManagement5ChangePassword.java,S5145,103,true,MINOR,"[{'softwareQuality': 'SECURITY', 'severity': 'LOW'}]","cwe:117, cwe:20, owaspAsvs-4.0:5.1.3, owaspAsvs-4.0:5.1.4, owaspAsvs-4.0:7.3.1, owaspAsvs-4.0:7.3.2, owaspTop10-2021:a3, owaspTop10-2021:a9, owaspTop10:a1, owaspTop10:a10, stig-ASD_V5R3:V-222609"
SessionManagement5ChangePassword.java,S5145,116,true,MINOR,"[{'softwareQuality': 'SECURITY', 'severity': 'LOW'}]","cwe:117, cwe:20, owaspAsvs-4.0:5.1.3, owaspAsvs-4.0:5.1.4, owaspAsvs-4.0:7.3.1, owaspAsvs-4.0:7.3.2, owaspTop10-2021:a3, owaspTop10-2021:a9, owaspTop10:a1, owaspTop10:a10, stig-ASD_V5R3:V-222609"
SessionManagement5ChangePassword.java,S1989,139,true,MINOR,"[{'softwareQuality': 'SECURITY', 'severity': 'LOW'}]","cwe:600, owaspTop10:a3"
SessionManagement5ChangePassword.java,S5145,140,true,MINOR,"[{'softwareQuality': 'SECURITY', 'severity': 'LOW'}]","cwe:117, cwe:20, owaspAsvs-4.0:5.1.3, owaspAsvs-4.0:5.1.4, owaspAsvs-4.0:7.3.1, owaspAsvs-4.0:7.3.2, owaspTop10-2021:a3, owaspTop10-2021:a9, owaspTop10:a1, owaspTop10:a10, stig-ASD_V5R3:V-222609"
SessionManagement5ChangePassword.java,S5145,141,true,MINOR,"[{'softwareQuality': 'SECURITY', 'severity': 'LOW'}]","cwe:117, cwe:20, owaspAsvs-4.0:5.1.3, owaspAsvs-4.0:5.1.4, owaspAsvs-4.0:7.3.1, owaspAsvs-4.0:7.3.2, owaspTop10-2021:a3, owaspTop10-2021:a9, owaspTop10:a1, owaspTop10:a10, stig-ASD_V5R3:V-222609"
SessionManagement5ChangePassword.java,S1989,145,true,MINOR,"[{'softwareQuality': 'SECURITY', 'severity': 'LOW'}]","cwe:600, owaspTop10:a3"
SessionManagement5ChangePassword.java,S1989,148,true,MINOR,"[{'softwareQuality': 'SECURITY', 'severity': 'LOW'}]","cwe:600, owaspTop10:a3"
SessionManagement5ChangePassword.java,S1989,149,true,MINOR,"[{'softwareQuality': 'SECURITY', 'severity': 'LOW'}]","cwe:600, owaspTop10:a3"
SessionManagement5ChangePassword.java,S1989,152,true,MINOR,"[{'softwareQuality': 'SECURITY', 'severity': 'LOW'}]","cwe:600, owaspTop10:a3"
SessionManagement5ChangePassword.java,S1989,155,true,MINOR,"[{'softwareQuality': 'SECURITY', 'severity': 'LOW'}]","cwe:600, owaspTop10:a3"
SessionManagement5ChangePassword.java,S1989,156,true,MINOR,"[{'softwareQuality': 'SECURITY', 'severity': 'LOW'}]","cwe:600, owaspTop10:a3"
SessionManagement5ChangePassword.java,S5145,161,true,MINOR,"[{'softwareQuality': 'SECURITY', 'severity': 'LOW'}]","cwe:117, cwe:20, owaspAsvs-4.0:5.1.3, owaspAsvs-4.0:5.1.4, owaspAsvs-4.0:7.3.1, owaspAsvs-4.0:7.3.2, owaspTop10-2021:a3, owaspTop10-2021:a9, owaspTop10:a1, owaspTop10:a10, stig-ASD_V5R3:V-222609"
SessionManagement5SetToken.java,S1989,78,true,MINOR,"[{'softwareQuality': 'SECURITY', 'severity': 'LOW'}]","cwe:600, owaspTop10:a3"
SessionManagement5SetToken.java,S5145,90,true,MINOR,"[{'softwareQuality': 'SECURITY', 'severity': 'LOW'}]","cwe:117, cwe:20, owaspAsvs-4.0:5.1.3, owaspAsvs-4.0:5.1.4, owaspAsvs-4.0:7.3.1, owaspAsvs-4.0:7.3.2, owaspTop10-2021:a3, owaspTop10-2021:a9, owaspTop10:a1, owaspTop10:a10, stig-ASD_V5R3:V-222609"
SessionManagement6.java,S1989,77,true,MINOR,"[{'softwareQuality': 'SECURITY', 'severity': 'LOW'}]","cwe:600, owaspTop10:a3"
SessionManagement6.java,S5145,113,true,MINOR,"[{'softwareQuality': 'SECURITY', 'severity': 'LOW'}]","cwe:117, cwe:20, owaspAsvs-4.0:5.1.3, owaspAsvs-4.0:5.1.4, owaspAsvs-4.0:7.3.1, owaspAsvs-4.0:7.3.2, owaspTop10-2021:a3, owaspTop10-2021:a9, owaspTop10:a1, owaspTop10:a10, stig-ASD_V5R3:V-222609"
SessionManagement6.java,S5145,114,true,MINOR,"[{'softwareQuality': 'SECURITY', 'severity': 'LOW'}]","cwe:117, cwe:20, owaspAsvs-4.0:5.1.3, owaspAsvs-4.0:5.1.4, owaspAsvs-4.0:7.3.1, owaspAsvs-4.0:7.3.2, owaspTop10-2021:a3, owaspTop10-2021:a9, owaspTop10:a1, owaspTop10:a10, stig-ASD_V5R3:V-222609"
SessionManagement6SecretQuestion.java,S1989,79,true,MINOR,"[{'softwareQuality': 'SECURITY', 'severity': 'LOW'}]","cwe:600, owaspTop10:a3"
SessionManagement6SecretQuestion.java,S5145,88,true,MINOR,"[{'softwareQuality': 'SECURITY', 'severity': 'LOW'}]","cwe:117, cwe:20, owaspAsvs-4.0:5.1.3, owaspAsvs-4.0:5.1.4, owaspAsvs-4.0:7.3.1, owaspAsvs-4.0:7.3.2, owaspTop10-2021:a3, owaspTop10-2021:a9, owaspTop10:a1, owaspTop10:a10, stig-ASD_V5R3:V-222609"
SessionManagement6SecretQuestion.java,S5145,91,true,MINOR,"[{'softwareQuality': 'SECURITY', 'severity': 'LOW'}]","cwe:117, cwe:20, owaspAsvs-4.0:5.1.3, owaspAsvs-4.0:5.1.4, owaspAsvs-4.0:7.3.1, owaspAsvs-4.0:7.3.2, owaspTop10-2021:a3, owaspTop10-2021:a9, owaspTop10:a1, owaspTop10:a10, stig-ASD_V5R3:V-222609"
SessionManagement6SecretQuestion.java,S1989,184,true,MINOR,"[{'softwareQuality': 'SECURITY', 'severity': 'LOW'}]","cwe:600, owaspTop10:a3"
SessionManagement6SecretQuestion.java,S5145,210,true,MINOR,"[{'softwareQuality': 'SECURITY', 'severity': 'LOW'}]","cwe:117, cwe:20, owaspAsvs-4.0:5.1.3, owaspAsvs-4.0:5.1.4, owaspAsvs-4.0:7.3.1, owaspAsvs-4.0:7.3.2, owaspTop10-2021:a3, owaspTop10-2021:a9, owaspTop10:a1, owaspTop10:a10, stig-ASD_V5R3:V-222609"
SessionManagement6SecretQuestion.java,S3649,232,true,BLOCKER,"[{'softwareQuality': 'SECURITY', 'severity': 'BLOCKER'}]","cwe:20, cwe:89, owaspAsvs-4.0:5.1.3, owaspAsvs-4.0:5.1.4, owaspAsvs-4.0:5.3.4, owaspAsvs-4.0:5.3.5, owaspTop10-2021:a3, owaspTop10:a1, pciDss-3.2:6.5.1, pciDss-4.0:6.2.4, stig-ASD_V5R3:V-222607, stig-ASD_V5R3:V-222609"
SessionManagement7.java,S1989,77,true,MINOR,"[{'softwareQuality': 'SECURITY', 'severity': 'LOW'}]","cwe:600, owaspTop10:a3"
SessionManagement7.java,S5145,112,true,MINOR,"[{'softwareQuality': 'SECURITY', 'severity': 'LOW'}]","cwe:117, cwe:20, owaspAsvs-4.0:5.1.3, owaspAsvs-4.0:5.1.4, owaspAsvs-4.0:7.3.1, owaspAsvs-4.0:7.3.2, owaspTop10-2021:a3, owaspTop10-2021:a9, owaspTop10:a1, owaspTop10:a10, stig-ASD_V5R3:V-222609"
SessionManagement7.java,S5145,113,true,MINOR,"[{'softwareQuality': 'SECURITY', 'severity': 'LOW'}]","cwe:117, cwe:20, owaspAsvs-4.0:5.1.3, owaspAsvs-4.0:5.1.4, owaspAsvs-4.0:7.3.1, owaspAsvs-4.0:7.3.2, owaspTop10-2021:a3, owaspTop10-2021:a9, owaspTop10:a1, owaspTop10:a10, stig-ASD_V5R3:V-222609"
SessionManagement7SecretQuestion.java,S1989,90,true,MINOR,"[{'softwareQuality': 'SECURITY', 'severity': 'LOW'}]","cwe:600, owaspTop10:a3"
SessionManagement7SecretQuestion.java,S5145,100,true,MINOR,"[{'softwareQuality': 'SECURITY', 'severity': 'LOW'}]","cwe:117, cwe:20, owaspAsvs-4.0:5.1.3, owaspAsvs-4.0:5.1.4, owaspAsvs-4.0:7.3.1, owaspAsvs-4.0:7.3.2, owaspTop10-2021:a3, owaspTop10-2021:a9, owaspTop10:a1, owaspTop10:a10, stig-ASD_V5R3:V-222609"
SessionManagement7SecretQuestion.java,S5145,103,true,MINOR,"[{'softwareQuality': 'SECURITY', 'severity': 'LOW'}]","cwe:117, cwe:20, owaspAsvs-4.0:5.1.3, owaspAsvs-4.0:5.1.4, owaspAsvs-4.0:7.3.1, owaspAsvs-4.0:7.3.2, owaspTop10-2021:a3, owaspTop10-2021:a9, owaspTop10:a1, owaspTop10:a10, stig-ASD_V5R3:V-222609"
SessionManagement7SecretQuestion.java,S1989,209,true,MINOR,"[{'softwareQuality': 'SECURITY', 'severity': 'LOW'}]","cwe:600, owaspTop10:a3"
SessionManagement8.java,S1989,61,true,MINOR,"[{'softwareQuality': 'SECURITY', 'severity': 'LOW'}]","cwe:600, owaspTop10:a3"
SessionManagement8.java,S5145,133,true,MINOR,"[{'softwareQuality': 'SECURITY', 'severity': 'LOW'}]","cwe:117, cwe:20, owaspAsvs-4.0:5.1.3, owaspAsvs-4.0:5.1.4, owaspAsvs-4.0:7.3.1, owaspAsvs-4.0:7.3.2, owaspTop10-2021:a3, owaspTop10-2021:a9, owaspTop10:a1, owaspTop10:a10, stig-ASD_V5R3:V-222609"
SessionManagement8.java,S5145,134,true,MINOR,"[{'softwareQuality': 'SECURITY', 'severity': 'LOW'}]","cwe:117, cwe:20, owaspAsvs-4.0:5.1.3, owaspAsvs-4.0:5.1.4, owaspAsvs-4.0:7.3.1, owaspAsvs-4.0:7.3.2, owaspTop10-2021:a3, owaspTop10-2021:a9, owaspTop10:a1, owaspTop10:a10, stig-ASD_V5R3:V-222609"
SessionManagement8.java,S5145,135,true,MINOR,"[{'softwareQuality': 'SECURITY', 'severity': 'LOW'}]","cwe:117, cwe:20, owaspAsvs-4.0:5.1.3, owaspAsvs-4.0:5.1.4, owaspAsvs-4.0:7.3.1, owaspAsvs-4.0:7.3.2, owaspTop10-2021:a3, owaspTop10-2021:a9, owaspTop10:a1, owaspTop10:a10, stig-ASD_V5R3:V-222609"
SqlInjection1.java,S1989,75,true,MINOR,"[{'softwareQuality': 'SECURITY', 'severity': 'LOW'}]","cwe:600, owaspTop10:a3"
SqlInjection1.java,S5145,82,true,MINOR,"[{'softwareQuality': 'SECURITY', 'severity': 'LOW'}]","cwe:117, cwe:20, owaspAsvs-4.0:5.1.3, owaspAsvs-4.0:5.1.4, owaspAsvs-4.0:7.3.1, owaspAsvs-4.0:7.3.2, owaspTop10-2021:a3, owaspTop10-2021:a9, owaspTop10:a1, owaspTop10:a10, stig-ASD_V5R3:V-222609"
SqlInjection1.java,S3649,91,true,BLOCKER,"[{'softwareQuality': 'SECURITY', 'severity': 'BLOCKER'}]","cwe:20, cwe:89, owaspAsvs-4.0:5.1.3, owaspAsvs-4.0:5.1.4, owaspAsvs-4.0:5.3.4, owaspAsvs-4.0:5.3.5, owaspTop10-2021:a3, owaspTop10:a1, pciDss-3.2:6.5.1, pciDss-4.0:6.2.4, stig-ASD_V5R3:V-222607, stig-ASD_V5R3:V-222609"
SqlInjection3.java,S1989,77,true,MINOR,"[{'softwareQuality': 'SECURITY', 'severity': 'LOW'}]","cwe:600, owaspTop10:a3"
SqlInjection3.java,S5145,83,true,MINOR,"[{'softwareQuality': 'SECURITY', 'severity': 'LOW'}]","cwe:117, cwe:20, owaspAsvs-4.0:5.1.3, owaspAsvs-4.0:5.1.4, owaspAsvs-4.0:7.3.1, owaspAsvs-4.0:7.3.2, owaspTop10-2021:a3, owaspTop10-2021:a9, owaspTop10:a1, owaspTop10:a10, stig-ASD_V5R3:V-222609"
SqlInjection3.java,S3649,94,true,BLOCKER,"[{'softwareQuality': 'SECURITY', 'severity': 'BLOCKER'}]","cwe:20, cwe:89, owaspAsvs-4.0:5.1.3, owaspAsvs-4.0:5.1.4, owaspAsvs-4.0:5.3.4, owaspAsvs-4.0:5.3.5, owaspTop10-2021:a3, owaspTop10:a1, pciDss-3.2:6.5.1, pciDss-4.0:6.2.4, stig-ASD_V5R3:V-222607, stig-ASD_V5R3:V-222609"
SqlInjection4.java,S1989,76,true,MINOR,"[{'softwareQuality': 'SECURITY', 'severity': 'LOW'}]","cwe:600, owaspTop10:a3"
SqlInjection4.java,S5145,82,true,MINOR,"[{'softwareQuality': 'SECURITY', 'severity': 'LOW'}]","cwe:117, cwe:20, owaspAsvs-4.0:5.1.3, owaspAsvs-4.0:5.1.4, owaspAsvs-4.0:7.3.1, owaspAsvs-4.0:7.3.2, owaspTop10-2021:a3, owaspTop10-2021:a9, owaspTop10:a1, owaspTop10:a10, stig-ASD_V5R3:V-222609"
SqlInjection4.java,S5145,84,true,MINOR,"[{'softwareQuality': 'SECURITY', 'severity': 'LOW'}]","cwe:117, cwe:20, owaspAsvs-4.0:5.1.3, owaspAsvs-4.0:5.1.4, owaspAsvs-4.0:7.3.1, owaspAsvs-4.0:7.3.2, owaspTop10-2021:a3, owaspTop10-2021:a9, owaspTop10:a1, owaspTop10:a10, stig-ASD_V5R3:V-222609"
SqlInjection4.java,S5145,86,true,MINOR,"[{'softwareQuality': 'SECURITY', 'severity': 'LOW'}]","cwe:117, cwe:20, owaspAsvs-4.0:5.1.3, owaspAsvs-4.0:5.1.4, owaspAsvs-4.0:7.3.1, owaspAsvs-4.0:7.3.2, owaspTop10-2021:a3, owaspTop10-2021:a9, owaspTop10:a1, owaspTop10:a10, stig-ASD_V5R3:V-222609"
SqlInjection4.java,S5145,88,true,MINOR,"[{'softwareQuality': 'SECURITY', 'severity': 'LOW'}]","cwe:117, cwe:20, owaspAsvs-4.0:5.1.3, owaspAsvs-4.0:5.1.4, owaspAsvs-4.0:7.3.1, owaspAsvs-4.0:7.3.2, owaspTop10-2021:a3, owaspTop10-2021:a9, owaspTop10:a1, owaspTop10:a10, stig-ASD_V5R3:V-222609"
SqlInjection4.java,S3649,97,true,BLOCKER,"[{'softwareQuality': 'SECURITY', 'severity': 'BLOCKER'}]","cwe:20, cwe:89, owaspAsvs-4.0:5.1.3, owaspAsvs-4.0:5.1.4, owaspAsvs-4.0:5.3.4, owaspAsvs-4.0:5.3.5, owaspTop10-2021:a3, owaspTop10:a1, pciDss-3.2:6.5.1, pciDss-4.0:6.2.4, stig-ASD_V5R3:V-222607, stig-ASD_V5R3:V-222609"
SqlInjection5.java,S1989,66,true,MINOR,"[{'softwareQuality': 'SECURITY', 'severity': 'LOW'}]","cwe:600, owaspTop10:a3"
SqlInjection5.java,S5145,82,true,MINOR,"[{'softwareQuality': 'SECURITY', 'severity': 'LOW'}]","cwe:117, cwe:20, owaspAsvs-4.0:5.1.3, owaspAsvs-4.0:5.1.4, owaspAsvs-4.0:7.3.1, owaspAsvs-4.0:7.3.2, owaspTop10-2021:a3, owaspTop10-2021:a9, owaspTop10:a1, owaspTop10:a10, stig-ASD_V5R3:V-222609"
SqlInjection5.java,S1989,128,true,MINOR,"[{'softwareQuality': 'SECURITY', 'severity': 'LOW'}]","cwe:600, owaspTop10:a3"
SqlInjection5CouponCheck.java,S1989,62,true,MINOR,"[{'softwareQuality': 'SECURITY', 'severity': 'LOW'}]","cwe:600, owaspTop10:a3"
SqlInjection5CouponCheck.java,S5145,70,true,MINOR,"[{'softwareQuality': 'SECURITY', 'severity': 'LOW'}]","cwe:117, cwe:20, owaspAsvs-4.0:5.1.3, owaspAsvs-4.0:5.1.4, owaspAsvs-4.0:7.3.1, owaspAsvs-4.0:7.3.2, owaspTop10-2021:a3, owaspTop10-2021:a9, owaspTop10:a1, owaspTop10:a10, stig-ASD_V5R3:V-222609"
SqlInjection5CouponCheck.java,S3649,85,true,BLOCKER,"[{'softwareQuality': 'SECURITY', 'severity': 'BLOCKER'}]","cwe:20, cwe:89, owaspAsvs-4.0:5.1.3, owaspAsvs-4.0:5.1.4, owaspAsvs-4.0:5.3.4, owaspAsvs-4.0:5.3.5, owaspTop10-2021:a3, owaspTop10:a1, pciDss-3.2:6.5.1, pciDss-4.0:6.2.4, stig-ASD_V5R3:V-222607, stig-ASD_V5R3:V-222609"
SqlInjection5CouponCheck.java,S1989,109,true,MINOR,"[{'softwareQuality': 'SECURITY', 'severity': 'LOW'}]","cwe:600, owaspTop10:a3"
SqlInjection5VipCheck.java,S1989,62,true,MINOR,"[{'softwareQuality': 'SECURITY', 'severity': 'LOW'}]","cwe:600, owaspTop10:a3"
SqlInjection5VipCheck.java,S5145,70,true,MINOR,"[{'softwareQuality': 'SECURITY', 'severity': 'LOW'}]","cwe:117, cwe:20, owaspAsvs-4.0:5.1.3, owaspAsvs-4.0:5.1.4, owaspAsvs-4.0:7.3.1, owaspAsvs-4.0:7.3.2, owaspTop10-2021:a3, owaspTop10-2021:a9, owaspTop10:a1, owaspTop10:a10, stig-ASD_V5R3:V-222609"
SqlInjection5VipCheck.java,S3649,85,true,BLOCKER,"[{'softwareQuality': 'SECURITY', 'severity': 'BLOCKER'}]","cwe:20, cwe:89, owaspAsvs-4.0:5.1.3, owaspAsvs-4.0:5.1.4, owaspAsvs-4.0:5.3.4, owaspAsvs-4.0:5.3.5, owaspTop10-2021:a3, owaspTop10:a1, pciDss-3.2:6.5.1, pciDss-4.0:6.2.4, stig-ASD_V5R3:V-222607, stig-ASD_V5R3:V-222609"
SqlInjection5VipCheck.java,S1989,110,true,MINOR,"[{'softwareQuality': 'SECURITY', 'severity': 'LOW'}]","cwe:600, owaspTop10:a3"
SqlInjection6.java,S1989,72,true,MINOR,"[{'softwareQuality': 'SECURITY', 'severity': 'LOW'}]","cwe:600, owaspTop10:a3"
SqlInjection6.java,S5145,79,true,MINOR,"[{'softwareQuality': 'SECURITY', 'severity': 'LOW'}]","cwe:117, cwe:20, owaspAsvs-4.0:5.1.3, owaspAsvs-4.0:5.1.4, owaspAsvs-4.0:7.3.1, owaspAsvs-4.0:7.3.2, owaspTop10-2021:a3, owaspTop10-2021:a9, owaspTop10:a1, owaspTop10:a10, stig-ASD_V5R3:V-222609"
SqlInjection6.java,S3649,91,true,BLOCKER,"[{'softwareQuality': 'SECURITY', 'severity': 'BLOCKER'}]","cwe:20, cwe:89, owaspAsvs-4.0:5.1.3, owaspAsvs-4.0:5.1.4, owaspAsvs-4.0:5.3.4, owaspAsvs-4.0:5.3.5, owaspTop10-2021:a3, owaspTop10:a1, pciDss-3.2:6.5.1, pciDss-4.0:6.2.4, stig-ASD_V5R3:V-222607, stig-ASD_V5R3:V-222609"
SqlInjection6.java,S1989,127,true,MINOR,"[{'softwareQuality': 'SECURITY', 'severity': 'LOW'}]","cwe:600, owaspTop10:a3"
SqlInjection7.java,S1989,66,true,MINOR,"[{'softwareQuality': 'SECURITY', 'severity': 'LOW'}]","cwe:600, owaspTop10:a3"
SqlInjection7.java,S5145,75,true,MINOR,"[{'softwareQuality': 'SECURITY', 'severity': 'LOW'}]","cwe:117, cwe:20, owaspAsvs-4.0:5.1.3, owaspAsvs-4.0:5.1.4, owaspAsvs-4.0:7.3.1, owaspAsvs-4.0:7.3.2, owaspTop10-2021:a3, owaspTop10-2021:a9, owaspTop10:a1, owaspTop10:a10, stig-ASD_V5R3:V-222609"
SqlInjection7.java,S3649,88,true,BLOCKER,"[{'softwareQuality': 'SECURITY', 'severity': 'BLOCKER'}]","cwe:20, cwe:89, owaspAsvs-4.0:5.1.3, owaspAsvs-4.0:5.1.4, owaspAsvs-4.0:5.3.4, owaspAsvs-4.0:5.3.5, owaspTop10-2021:a3, owaspTop10:a1, pciDss-3.2:6.5.1, pciDss-4.0:6.2.4, stig-ASD_V5R3:V-222607, stig-ASD_V5R3:V-222609"
SqlInjection7.java,S1989,125,true,MINOR,"[{'softwareQuality': 'SECURITY', 'severity': 'LOW'}]","cwe:600, owaspTop10:a3"
SqlInjectionEmail.java,S1989,74,true,MINOR,"[{'softwareQuality': 'SECURITY', 'severity': 'LOW'}]","cwe:600, owaspTop10:a3"
SqlInjectionEmail.java,S5145,80,true,MINOR,"[{'softwareQuality': 'SECURITY', 'severity': 'LOW'}]","cwe:117, cwe:20, owaspAsvs-4.0:5.1.3, owaspAsvs-4.0:5.1.4, owaspAsvs-4.0:7.3.1, owaspAsvs-4.0:7.3.2, owaspTop10-2021:a3, owaspTop10-2021:a9, owaspTop10:a1, owaspTop10:a10, stig-ASD_V5R3:V-222609"
SqlInjectionEmail.java,S5145,82,true,MINOR,"[{'softwareQuality': 'SECURITY', 'severity': 'LOW'}]","cwe:117, cwe:20, owaspAsvs-4.0:5.1.3, owaspAsvs-4.0:5.1.4, owaspAsvs-4.0:7.3.1, owaspAsvs-4.0:7.3.2, owaspTop10-2021:a3, owaspTop10-2021:a9, owaspTop10:a1, owaspTop10:a10, stig-ASD_V5R3:V-222609"
SqlInjectionEmail.java,S3649,91,true,BLOCKER,"[{'softwareQuality': 'SECURITY', 'severity': 'BLOCKER'}]","cwe:20, cwe:89, owaspAsvs-4.0:5.1.3, owaspAsvs-4.0:5.1.4, owaspAsvs-4.0:5.3.4, owaspAsvs-4.0:5.3.5, owaspTop10-2021:a3, owaspTop10:a1, pciDss-3.2:6.5.1, pciDss-4.0:6.2.4, stig-ASD_V5R3:V-222607, stig-ASD_V5R3:V-222609"
SqlInjectionEscaping.java,S1989,72,true,MINOR,"[{'softwareQuality': 'SECURITY', 'severity': 'LOW'}]","cwe:600, owaspTop10:a3"
SqlInjectionEscaping.java,S5145,78,true,MINOR,"[{'softwareQuality': 'SECURITY', 'severity': 'LOW'}]","cwe:117, cwe:20, owaspAsvs-4.0:5.1.3, owaspAsvs-4.0:5.1.4, owaspAsvs-4.0:7.3.1, owaspAsvs-4.0:7.3.2, owaspTop10-2021:a3, owaspTop10-2021:a9, owaspTop10:a1, owaspTop10:a10, stig-ASD_V5R3:V-222609"
SqlInjectionEscaping.java,S3649,88,true,BLOCKER,"[{'softwareQuality': 'SECURITY', 'severity': 'BLOCKER'}]","cwe:20, cwe:89, owaspAsvs-4.0:5.1.3, owaspAsvs-4.0:5.1.4, owaspAsvs-4.0:5.3.4, owaspAsvs-4.0:5.3.5, owaspTop10-2021:a3, owaspTop10:a1, pciDss-3.2:6.5.1, pciDss-4.0:6.2.4, stig-ASD_V5R3:V-222607, stig-ASD_V5R3:V-222609"
SqlInjectionStoredProcedure.java,S1989,68,true,MINOR,"[{'softwareQuality': 'SECURITY', 'severity': 'LOW'}]","cwe:600, owaspTop10:a3"
SqlInjectionStoredProcedure.java,S5145,74,true,MINOR,"[{'softwareQuality': 'SECURITY', 'severity': 'LOW'}]","cwe:117, cwe:20, owaspAsvs-4.0:5.1.3, owaspAsvs-4.0:5.1.4, owaspAsvs-4.0:7.3.1, owaspAsvs-4.0:7.3.2, owaspTop10-2021:a3, owaspTop10-2021:a9, owaspTop10:a1, owaspTop10:a10, stig-ASD_V5R3:V-222609"
SqlInjectionStoredProcedure.java,S3649,82,true,BLOCKER,"[{'softwareQuality': 'SECURITY', 'severity': 'BLOCKER'}]","cwe:20, cwe:89, owaspAsvs-4.0:5.1.3, owaspAsvs-4.0:5.1.4, owaspAsvs-4.0:5.3.4, owaspAsvs-4.0:5.3.5, owaspTop10-2021:a3, owaspTop10:a1, pciDss-3.2:6.5.1, pciDss-4.0:6.2.4, stig-ASD_V5R3:V-222607, stig-ASD_V5R3:V-222609"
UrlAccess1.java,S1989,68,true,MINOR,"[{'softwareQuality': 'SECURITY', 'severity': 'LOW'}]","cwe:600, owaspTop10:a3"
UrlAccess1Admin.java,S1989,72,true,MINOR,"[{'softwareQuality': 'SECURITY', 'severity': 'LOW'}]","cwe:600, owaspTop10:a3"
UrlAccess2.java,S1989,68,true,MINOR,"[{'softwareQuality': 'SECURITY', 'severity': 'LOW'}]","cwe:600, owaspTop10:a3"
UrlAccess2Admin.java,S1989,67,true,MINOR,"[{'softwareQuality': 'SECURITY', 'severity': 'LOW'}]","cwe:600, owaspTop10:a3"
UrlAccess3.java,S1989,68,true,MINOR,"[{'softwareQuality': 'SECURITY', 'severity': 'LOW'}]","cwe:600, owaspTop10:a3"
UrlAccess3.java,S5145,134,true,MINOR,"[{'softwareQuality': 'SECURITY', 'severity': 'LOW'}]","cwe:117, cwe:20, owaspAsvs-4.0:5.1.3, owaspAsvs-4.0:5.1.4, owaspAsvs-4.0:7.3.1, owaspAsvs-4.0:7.3.2, owaspTop10-2021:a3, owaspTop10-2021:a9, owaspTop10:a1, owaspTop10:a10, stig-ASD_V5R3:V-222609"
UrlAccess3.java,S5145,135,true,MINOR,"[{'softwareQuality': 'SECURITY', 'severity': 'LOW'}]","cwe:117, cwe:20, owaspAsvs-4.0:5.1.3, owaspAsvs-4.0:5.1.4, owaspAsvs-4.0:7.3.1, owaspAsvs-4.0:7.3.2, owaspTop10-2021:a3, owaspTop10-2021:a9, owaspTop10:a1, owaspTop10:a10, stig-ASD_V5R3:V-222609"
UrlAccess3UserList.java,S1989,68,true,MINOR,"[{'softwareQuality': 'SECURITY', 'severity': 'LOW'}]","cwe:600, owaspTop10:a3"
UrlAccess3UserList.java,S3649,100,true,BLOCKER,"[{'softwareQuality': 'SECURITY', 'severity': 'BLOCKER'}]","cwe:20, cwe:89, owaspAsvs-4.0:5.1.3, owaspAsvs-4.0:5.1.4, owaspAsvs-4.0:5.3.4, owaspAsvs-4.0:5.3.5, owaspTop10-2021:a3, owaspTop10:a1, pciDss-3.2:6.5.1, pciDss-4.0:6.2.4, stig-ASD_V5R3:V-222607, stig-ASD_V5R3:V-222609"
XssChallengeFive.java,S1989,59,true,MINOR,"[{'softwareQuality': 'SECURITY', 'severity': 'LOW'}]","cwe:600, owaspTop10:a3"
XssChallengeFive.java,S5145,81,true,MINOR,"[{'softwareQuality': 'SECURITY', 'severity': 'LOW'}]","cwe:117, cwe:20, owaspAsvs-4.0:5.1.3, owaspAsvs-4.0:5.1.4, owaspAsvs-4.0:7.3.1, owaspAsvs-4.0:7.3.2, owaspTop10-2021:a3, owaspTop10-2021:a9, owaspTop10:a1, owaspTop10:a10, stig-ASD_V5R3:V-222609"
XssChallengeFive.java,S5131,113,true,BLOCKER,"[{'softwareQuality': 'SECURITY', 'severity': 'BLOCKER'}]","cwe:79, owaspAsvs-4.0:5.3.3, owaspTop10-2021:a3, owaspTop10:a7, pciDss-3.2:6.5.7, pciDss-4.0:6.2.4, stig-ASD_V5R3:V-222602, stig-ASD_V5R3:V-222609"
XssChallengeFour.java,S1989,59,true,MINOR,"[{'softwareQuality': 'SECURITY', 'severity': 'LOW'}]","cwe:600, owaspTop10:a3"
XssChallengeFour.java,S5145,81,true,MINOR,"[{'softwareQuality': 'SECURITY', 'severity': 'LOW'}]","cwe:117, cwe:20, owaspAsvs-4.0:5.1.3, owaspAsvs-4.0:5.1.4, owaspAsvs-4.0:7.3.1, owaspAsvs-4.0:7.3.2, owaspTop10-2021:a3, owaspTop10-2021:a9, owaspTop10:a1, owaspTop10:a10, stig-ASD_V5R3:V-222609"
XssChallengeOne.java,S1989,59,true,MINOR,"[{'softwareQuality': 'SECURITY', 'severity': 'LOW'}]","cwe:600, owaspTop10:a3"
XssChallengeOne.java,S5145,79,true,MINOR,"[{'softwareQuality': 'SECURITY', 'severity': 'LOW'}]","cwe:117, cwe:20, owaspAsvs-4.0:5.1.3, owaspAsvs-4.0:5.1.4, owaspAsvs-4.0:7.3.1, owaspAsvs-4.0:7.3.2, owaspTop10-2021:a3, owaspTop10-2021:a9, owaspTop10:a1, owaspTop10:a10, stig-ASD_V5R3:V-222609"
XssChallengeOne.java,S5131,110,true,BLOCKER,"[{'softwareQuality': 'SECURITY', 'severity': 'BLOCKER'}]","cwe:79, owaspAsvs-4.0:5.3.3, owaspTop10-2021:a3, owaspTop10:a7, pciDss-3.2:6.5.7, pciDss-4.0:6.2.4, stig-ASD_V5R3:V-222602, stig-ASD_V5R3:V-222609"
XssChallengeSix.java,S1989,59,true,MINOR,"[{'softwareQuality': 'SECURITY', 'severity': 'LOW'}]","cwe:600, owaspTop10:a3"
XssChallengeSix.java,S5145,81,true,MINOR,"[{'softwareQuality': 'SECURITY', 'severity': 'LOW'}]","cwe:117, cwe:20, owaspAsvs-4.0:5.1.3, owaspAsvs-4.0:5.1.4, owaspAsvs-4.0:7.3.1, owaspAsvs-4.0:7.3.2, owaspTop10-2021:a3, owaspTop10-2021:a9, owaspTop10:a1, owaspTop10:a10, stig-ASD_V5R3:V-222609"
XssChallengeSix.java,S5131,113,true,BLOCKER,"[{'softwareQuality': 'SECURITY', 'severity': 'BLOCKER'}]","cwe:79, owaspAsvs-4.0:5.3.3, owaspTop10-2021:a3, owaspTop10:a7, pciDss-3.2:6.5.7, pciDss-4.0:6.2.4, stig-ASD_V5R3:V-222602, stig-ASD_V5R3:V-222609"
XssChallengeThree.java,S1989,59,true,MINOR,"[{'softwareQuality': 'SECURITY', 'severity': 'LOW'}]","cwe:600, owaspTop10:a3"
XssChallengeThree.java,S5145,79,true,MINOR,"[{'softwareQuality': 'SECURITY', 'severity': 'LOW'}]","cwe:117, cwe:20, owaspAsvs-4.0:5.1.3, owaspAsvs-4.0:5.1.4, owaspAsvs-4.0:7.3.1, owaspAsvs-4.0:7.3.2, owaspTop10-2021:a3, owaspTop10-2021:a9, owaspTop10:a1, owaspTop10:a10, stig-ASD_V5R3:V-222609"
XssChallengeThree.java,S5131,110,true,BLOCKER,"[{'softwareQuality': 'SECURITY', 'severity': 'BLOCKER'}]","cwe:79, owaspAsvs-4.0:5.3.3, owaspTop10-2021:a3, owaspTop10:a7, pciDss-3.2:6.5.7, pciDss-4.0:6.2.4, stig-ASD_V5R3:V-222602, stig-ASD_V5R3:V-222609"
XssChallengeTwo.java,S1989,60,true,MINOR,"[{'softwareQuality': 'SECURITY', 'severity': 'LOW'}]","cwe:600, owaspTop10:a3"
XssChallengeTwo.java,S5145,80,true,MINOR,"[{'softwareQuality': 'SECURITY', 'severity': 'LOW'}]","cwe:117, cwe:20, owaspAsvs-4.0:5.1.3, owaspAsvs-4.0:5.1.4, owaspAsvs-4.0:7.3.1, owaspAsvs-4.0:7.3.2, owaspTop10-2021:a3, owaspTop10-2021:a9, owaspTop10:a1, owaspTop10:a10, stig-ASD_V5R3:V-222609"
XssChallengeTwo.java,S5131,112,true,BLOCKER,"[{'softwareQuality': 'SECURITY', 'severity': 'BLOCKER'}]","cwe:79, owaspAsvs-4.0:5.3.3, owaspTop10-2021:a3, owaspTop10:a7, pciDss-3.2:6.5.7, pciDss-4.0:6.2.4, stig-ASD_V5R3:V-222602, stig-ASD_V5R3:V-222609"
XxeChallenge1.java,S1989,66,true,MINOR,"[{'softwareQuality': 'SECURITY', 'severity': 'LOW'}]","cwe:600, owaspTop10:a3"
XxeChallenge1OldWebService.java,S1989,53,true,MINOR,"[{'softwareQuality': 'SECURITY', 'severity': 'LOW'}]","cwe:600, owaspTop10:a3"
CsrfLesson.java,S1989,67,true,MINOR,"[{'softwareQuality': 'SECURITY', 'severity': 'LOW'}]","cwe:600, owaspTop10:a3"
CsrfLesson.java,S5145,84,true,MINOR,"[{'softwareQuality': 'SECURITY', 'severity': 'LOW'}]","cwe:117, cwe:20, owaspAsvs-4.0:5.1.3, owaspAsvs-4.0:5.1.4, owaspAsvs-4.0:7.3.1, owaspAsvs-4.0:7.3.2, owaspTop10-2021:a3, owaspTop10-2021:a9, owaspTop10:a1, owaspTop10:a10, stig-ASD_V5R3:V-222609"
CsrfLesson.java,S5145,106,true,MINOR,"[{'softwareQuality': 'SECURITY', 'severity': 'LOW'}]","cwe:117, cwe:20, owaspAsvs-4.0:5.1.3, owaspAsvs-4.0:5.1.4, owaspAsvs-4.0:7.3.1, owaspAsvs-4.0:7.3.2, owaspTop10-2021:a3, owaspTop10-2021:a9, owaspTop10:a1, owaspTop10:a10, stig-ASD_V5R3:V-222609"
CsrfLessonTarget.java,S1989,50,true,MINOR,"[{'softwareQuality': 'SECURITY', 'severity': 'LOW'}]","cwe:600, owaspTop10:a3"
DirectObjectLesson.java,S1989,64,true,MINOR,"[{'softwareQuality': 'SECURITY', 'severity': 'LOW'}]","cwe:600, owaspTop10:a3"
DirectObjectLesson.java,S5145,74,true,MINOR,"[{'softwareQuality': 'SECURITY', 'severity': 'LOW'}]","cwe:117, cwe:20, owaspAsvs-4.0:5.1.3, owaspAsvs-4.0:5.1.4, owaspAsvs-4.0:7.3.1, owaspAsvs-4.0:7.3.2, owaspTop10-2021:a3, owaspTop10-2021:a9, owaspTop10:a1, owaspTop10:a10, stig-ASD_V5R3:V-222609"
PoorValidationLesson.java,S1989,70,true,MINOR,"[{'softwareQuality': 'SECURITY', 'severity': 'LOW'}]","cwe:600, owaspTop10:a3"
PoorValidationLesson.java,S5145,74,true,MINOR,"[{'softwareQuality': 'SECURITY', 'severity': 'LOW'}]","cwe:117, cwe:20, owaspAsvs-4.0:5.1.3, owaspAsvs-4.0:5.1.4, owaspAsvs-4.0:7.3.1, owaspAsvs-4.0:7.3.2, owaspTop10-2021:a3, owaspTop10-2021:a9, owaspTop10:a1, owaspTop10:a10, stig-ASD_V5R3:V-222609"
Redirect.java,S1989,45,true,MINOR,"[{'softwareQuality': 'SECURITY', 'severity': 'LOW'}]","cwe:600, owaspTop10:a3"
RedirectLessonTarget.java,S1989,45,true,MINOR,"[{'softwareQuality': 'SECURITY', 'severity': 'LOW'}]","cwe:600, owaspTop10:a3"
SecurityMisconfigLesson.java,S1989,53,true,MINOR,"[{'softwareQuality': 'SECURITY', 'severity': 'LOW'}]","cwe:600, owaspTop10:a3"
SecurityMisconfigLesson.java,S5145,70,true,MINOR,"[{'softwareQuality': 'SECURITY', 'severity': 'LOW'}]","cwe:117, cwe:20, owaspAsvs-4.0:5.1.3, owaspAsvs-4.0:5.1.4, owaspAsvs-4.0:7.3.1, owaspAsvs-4.0:7.3.2, owaspTop10-2021:a3, owaspTop10-2021:a9, owaspTop10:a1, owaspTop10:a10, stig-ASD_V5R3:V-222609"
SecurityMisconfigLesson.java,S5145,72,true,MINOR,"[{'softwareQuality': 'SECURITY', 'severity': 'LOW'}]","cwe:117, cwe:20, owaspAsvs-4.0:5.1.3, owaspAsvs-4.0:5.1.4, owaspAsvs-4.0:7.3.1, owaspAsvs-4.0:7.3.2, owaspTop10-2021:a3, owaspTop10-2021:a9, owaspTop10:a1, owaspTop10:a10, stig-ASD_V5R3:V-222609"
SessionManagementLesson.java,S1989,56,true,MINOR,"[{'softwareQuality': 'SECURITY', 'severity': 'LOW'}]","cwe:600, owaspTop10:a3"
SqlInjectionLesson.java,S1989,59,true,MINOR,"[{'softwareQuality': 'SECURITY', 'severity': 'LOW'}]","cwe:600, owaspTop10:a3"
SqlInjectionLesson.java,S5145,76,true,MINOR,"[{'softwareQuality': 'SECURITY', 'severity': 'LOW'}]","cwe:117, cwe:20, owaspAsvs-4.0:5.1.3, owaspAsvs-4.0:5.1.4, owaspAsvs-4.0:7.3.1, owaspAsvs-4.0:7.3.2, owaspTop10-2021:a3, owaspTop10-2021:a9, owaspTop10:a1, owaspTop10:a10, stig-ASD_V5R3:V-222609"
SqlInjectionLesson.java,S3649,136,true,BLOCKER,"[{'softwareQuality': 'SECURITY', 'severity': 'BLOCKER'}]","cwe:20, cwe:89, owaspAsvs-4.0:5.1.3, owaspAsvs-4.0:5.1.4, owaspAsvs-4.0:5.3.4, owaspAsvs-4.0:5.3.5, owaspTop10-2021:a3, owaspTop10:a1, pciDss-3.2:6.5.1, pciDss-4.0:6.2.4, stig-ASD_V5R3:V-222607, stig-ASD_V5R3:V-222609"
UnvalidatedForwardsLesson.java,S1989,62,true,MINOR,"[{'softwareQuality': 'SECURITY', 'severity': 'LOW'}]","cwe:600, owaspTop10:a3"
UnvalidatedForwardsLesson.java,S5145,86,true,MINOR,"[{'softwareQuality': 'SECURITY', 'severity': 'LOW'}]","cwe:117, cwe:20, owaspAsvs-4.0:5.1.3, owaspAsvs-4.0:5.1.4, owaspAsvs-4.0:7.3.1, owaspAsvs-4.0:7.3.2, owaspTop10-2021:a3, owaspTop10-2021:a9, owaspTop10:a1, owaspTop10:a10, stig-ASD_V5R3:V-222609"
UnvalidatedForwardsLesson.java,S5145,151,true,MINOR,"[{'softwareQuality': 'SECURITY', 'severity': 'LOW'}]","cwe:117, cwe:20, owaspAsvs-4.0:5.1.3, owaspAsvs-4.0:5.1.4, owaspAsvs-4.0:7.3.1, owaspAsvs-4.0:7.3.2, owaspTop10-2021:a3, owaspTop10-2021:a9, owaspTop10:a1, owaspTop10:a10, stig-ASD_V5R3:V-222609"
XssLesson.java,S1989,58,true,MINOR,"[{'softwareQuality': 'SECURITY', 'severity': 'LOW'}]","cwe:600, owaspTop10:a3"
XssLesson.java,S5145,78,true,MINOR,"[{'softwareQuality': 'SECURITY', 'severity': 'LOW'}]","cwe:117, cwe:20, owaspAsvs-4.0:5.1.3, owaspAsvs-4.0:5.1.4, owaspAsvs-4.0:7.3.1, owaspAsvs-4.0:7.3.2, owaspTop10-2021:a3, owaspTop10-2021:a9, owaspTop10:a1, owaspTop10:a10, stig-ASD_V5R3:V-222609"
XssLesson.java,S5145,96,true,MINOR,"[{'softwareQuality': 'SECURITY', 'severity': 'LOW'}]","cwe:117, cwe:20, owaspAsvs-4.0:5.1.3, owaspAsvs-4.0:5.1.4, owaspAsvs-4.0:7.3.1, owaspAsvs-4.0:7.3.2, owaspTop10-2021:a3, owaspTop10-2021:a9, owaspTop10:a1, owaspTop10:a10, stig-ASD_V5R3:V-222609"
XssLesson.java,S5131,107,true,BLOCKER,"[{'softwareQuality': 'SECURITY', 'severity': 'BLOCKER'}]","cwe:79, owaspAsvs-4.0:5.3.3, owaspTop10-2021:a3, owaspTop10:a7, pciDss-3.2:6.5.7, pciDss-4.0:6.2.4, stig-ASD_V5R3:V-222602, stig-ASD_V5R3:V-222609"
XxeLesson.java,S1989,68,true,MINOR,"[{'softwareQuality': 'SECURITY', 'severity': 'LOW'}]","cwe:600, owaspTop10:a3"
FindXSS.java,S5145,358,true,MINOR,"[{'softwareQuality': 'SECURITY', 'severity': 'LOW'}]","cwe:117, cwe:20, owaspAsvs-4.0:5.1.3, owaspAsvs-4.0:5.1.4, owaspAsvs-4.0:7.3.1, owaspAsvs-4.0:7.3.2, owaspTop10-2021:a3, owaspTop10-2021:a9, owaspTop10:a1, owaspTop10:a10, stig-ASD_V5R3:V-222609"
Validate.java,S5145,200,true,MINOR,"[{'softwareQuality': 'SECURITY', 'severity': 'LOW'}]","cwe:117, cwe:20, owaspAsvs-4.0:5.1.3, owaspAsvs-4.0:5.1.4, owaspAsvs-4.0:7.3.1, owaspAsvs-4.0:7.3.2, owaspTop10-2021:a3, owaspTop10-2021:a9, owaspTop10:a1, owaspTop10:a10, stig-ASD_V5R3:V-222609"
Validate.java,S5145,327,true,MINOR,"[{'softwareQuality': 'SECURITY', 'severity': 'LOW'}]","cwe:117, cwe:20, owaspAsvs-4.0:5.1.3, owaspAsvs-4.0:5.1.4, owaspAsvs-4.0:7.3.1, owaspAsvs-4.0:7.3.2, owaspTop10-2021:a3, owaspTop10-2021:a9, owaspTop10:a1, owaspTop10:a10, stig-ASD_V5R3:V-222609"
Validate.java,S5145,373,true,MINOR,"[{'softwareQuality': 'SECURITY', 'severity': 'LOW'}]","cwe:117, cwe:20, owaspAsvs-4.0:5.1.3, owaspAsvs-4.0:5.1.4, owaspAsvs-4.0:7.3.1, owaspAsvs-4.0:7.3.2, owaspTop10-2021:a3, owaspTop10-2021:a9, owaspTop10:a1, owaspTop10:a10, stig-ASD_V5R3:V-222609"
Validate.java,S5145,507,true,MINOR,"[{'softwareQuality': 'SECURITY', 'severity': 'LOW'}]","cwe:117, cwe:20, owaspAsvs-4.0:5.1.3, owaspAsvs-4.0:5.1.4, owaspAsvs-4.0:7.3.1, owaspAsvs-4.0:7.3.2, owaspTop10-2021:a3, owaspTop10-2021:a9, owaspTop10:a1, owaspTop10:a10, stig-ASD_V5R3:V-222609"
